Data;Loja;Faturamento;Pedidos;Ticket Médio
01/01/2022;Caxias do Sul;R$ 113.573,38;1862;R$ 61,00
01/01/2022;Novo Hamburgo;R$ 109.347,46;1657;R$ 66,00
01/01/2022;São Leopoldo;R$ 86.398,50;1309;R$ 66,00
01/01/2022;Barra Shopping;R$ 81.688,37;1184;R$ 69,00
01/01/2022;Campo Bom;R$ 78.692,98;1967;R$ 40,01
01/01/2022;Sapiranga;R$ 68.319,94;1178;R$ 58,00
01/01/2022;Montenegro;R$ 66.613,24;1665;R$ 40,01
01/01/2022;Estância Velha;R$ 56.168,43;1404;R$ 40,01
01/01/2022;Taquara;R$ 44.794,83;649;R$ 69,00
01/01/2022;Sapucaia do Sul (Vinicius);R$ 41.060,43;1027;R$ 39,98
01/01/2022;Nova Hartz;R$ 27.738,19;693;R$ 40,03
01/01/2022;Parobé;R$ 24.847,49;621;R$ 40,01
01/02/2022;Caxias do Sul;R$ 122.454,15;2226;R$ 55,00
01/02/2022;Novo Hamburgo;R$ 102.136,10;2553;R$ 40,01
01/02/2022;São Leopoldo;R$ 86.518,36;2277;R$ 38,00
01/02/2022;Campo Bom;R$ 67.834,05;1170;R$ 58,00
01/02/2022;Montenegro;R$ 61.861,50;1547;R$ 39,99
01/02/2022;Barra Shopping;R$ 57.842,73;771;R$ 75,00
01/02/2022;Estância Velha;R$ 54.014,92;1350;R$ 40,01
01/02/2022;Sapiranga;R$ 50.509,72;1263;R$ 39,99
01/02/2022;Sapucaia do Sul (Vinicius);R$ 43.636,69;909;R$ 48,00
01/02/2022;Taquara;R$ 38.904,13;973;R$ 39,98
01/02/2022;Nova Hartz;R$ 26.261,47;657;R$ 39,97
01/02/2022;Parobé;R$ 11.423,74;286;R$ 39,94
01/03/2022;Caxias do Sul;R$ 127.887,89;2244;R$ 57,00
01/03/2022;Novo Hamburgo;R$ 97.693,73;2442;R$ 40,01
01/03/2022;São Leopoldo;R$ 88.948,60;2224;R$ 39,99
01/03/2022;Barra Shopping;R$ 74.019,52;1850;R$ 40,01
01/03/2022;Campo Bom;R$ 70.078,83;1188;R$ 59,00
01/03/2022;Montenegro;R$ 64.166,06;1426;R$ 45,00
01/03/2022;Sapucaia do Sul (Vinicius);R$ 53.045,75;707;R$ 75,00
01/03/2022;Estância Velha;R$ 49.705,28;1243;R$ 39,99
01/03/2022;Taquara;R$ 44.695,67;1117;R$ 40,01
01/03/2022;Sapiranga;R$ 43.262,25;1082;R$ 39,98
01/03/2022;Nova Hartz;R$ 23.973,83;599;R$ 40,02
01/03/2022;Parobé;R$ 20.954,39;524;R$ 39,99
01/04/2022;Caxias do Sul;R$ 127.511,71;3643;R$ 35,00
01/04/2022;Novo Hamburgo;R$ 87.438,82;2242;R$ 39,00
01/04/2022;São Leopoldo;R$ 86.395,35;1183;R$ 73,00
01/04/2022;Campo Bom;R$ 72.548,83;1814;R$ 39,99
01/04/2022;Sapiranga;R$ 70.844,90;1771;R$ 40,00
01/04/2022;Barra Shopping;R$ 70.409,25;1760;R$ 40,01
01/04/2022;Montenegro;R$ 61.582,73;1540;R$ 39,99
01/04/2022;Sapucaia do Sul (Vinicius);R$ 51.947,18;1299;R$ 39,99
01/04/2022;Estância Velha;R$ 49.985,10;1250;R$ 39,99
01/04/2022;Taquara;R$ 39.036,29;1055;R$ 37,00
01/04/2022;Parobé;R$ 27.114,70;678;R$ 39,99
01/04/2022;Gravataí (Vinicius);R$ 1.692,97;42;R$ 40,31
01/04/2022;Passo d' Areia;R$ 180,60;5;R$ 36,12
01/05/2022;Caxias do Sul;R$ 135.340,16;3384;R$ 39,99
01/05/2022;Novo Hamburgo;R$ 111.853,53;1775;R$ 63,00
01/05/2022;Barra Shopping;R$ 86.642,40;2222;R$ 39,00
01/05/2022;São Leopoldo;R$ 84.227,59;2106;R$ 39,99
01/05/2022;Montenegro;R$ 69.828,35;1746;R$ 39,99
01/05/2022;Sapucaia do Sul (Vinicius);R$ 68.833,79;1128;R$ 61,00
01/05/2022;Campo Bom;R$ 68.185,28;1705;R$ 39,99
01/05/2022;Sapiranga;R$ 67.072,06;1137;R$ 59,00
01/05/2022;Estância Velha;R$ 50.851,68;1271;R$ 40,01
01/05/2022;Passo d' Areia;R$ 42.091,48;1052;R$ 40,01
01/05/2022;Parobé;R$ 28.810,59;720;R$ 40,01
01/05/2022;Gravataí (Vinicius);R$ 27.093,40;677;R$ 40,02
01/06/2022;Caxias do Sul;R$ 130.231,57;2326;R$ 56,00
01/06/2022;Novo Hamburgo;R$ 106.592,51;1807;R$ 59,00
01/06/2022;São Leopoldo;R$ 89.730,24;2087;R$ 43,00
01/06/2022;Barra Shopping;R$ 84.036,62;2101;R$ 40,00
01/06/2022;Sapucaia do Sul (Vinicius);R$ 66.492,38;1662;R$ 40,01
01/06/2022;Montenegro;R$ 66.385,92;1660;R$ 39,99
01/06/2022;Campo Bom;R$ 63.918,09;926;R$ 69,00
01/06/2022;Sapiranga;R$ 60.678,24;1028;R$ 59,00
01/06/2022;Parobé;R$ 48.445,97;969;R$ 50,00
01/06/2022;Estância Velha;R$ 46.494,03;1162;R$ 40,01
01/06/2022;Bento Gonçalves;R$ 45.032,19;1126;R$ 39,99
01/06/2022;Passo d' Areia;R$ 42.644,73;735;R$ 58,00
01/06/2022;Gravataí (Vinicius);R$ 41.151,55;1029;R$ 39,99
01/07/2022;Caxias do Sul;R$ 126.122,31;2933;R$ 43,00
01/07/2022;Barra Shopping;R$ 94.378,55;2359;R$ 40,01
01/07/2022;Novo Hamburgo;R$ 93.868,42;1360;R$ 69,00
01/07/2022;São Leopoldo;R$ 93.484,16;1246;R$ 75,00
01/07/2022;Montenegro;R$ 62.273,25;1297;R$ 48,00
01/07/2022;Campo Bom;R$ 60.282,49;1230;R$ 49,00
01/07/2022;Sapiranga;R$ 59.075,81;1036;R$ 57,00
01/07/2022;Bento Gonçalves;R$ 55.899,24;1397;R$ 40,01
01/07/2022;Sapucaia do Sul (Vinicius);R$ 50.160,99;678;R$ 74,00
01/07/2022;Parobé;R$ 48.783,03;1220;R$ 39,99
01/07/2022;Passo d' Areia;R$ 46.669,99;1167;R$ 39,99
01/07/2022;Estância Velha;R$ 46.650,15;1166;R$ 40,01
01/07/2022;Gravataí (Vinicius);R$ 30.008,27;750;R$ 40,01
01/08/2022;Caxias do Sul;R$ 116.023,31;2901;R$ 39,99
01/08/2022;Montenegro;R$ 94.135,13;2353;R$ 40,01
01/08/2022;Novo Hamburgo;R$ 94.135,13;2353;R$ 40,01
01/08/2022;São Leopoldo;R$ 86.221,90;2156;R$ 39,99
01/08/2022;Barra Shopping;R$ 83.047,57;1298;R$ 64,00
01/08/2022;Sapiranga;R$ 52.366,66;1309;R$ 40,01
01/08/2022;Campo Bom;R$ 52.123,38;841;R$ 62,00
01/08/2022;Sapucaia do Sul (Vinicius);R$ 41.486,34;1037;R$ 40,01
01/08/2022;Parobé;R$ 41.095,43;1027;R$ 40,02
01/08/2022;Bento Gonçalves;R$ 40.071,78;1002;R$ 39,99
01/08/2022;Estância Velha;R$ 38.714,55;968;R$ 39,99
01/08/2022;Passo d' Areia;R$ 37.741,12;944;R$ 39,98
01/08/2022;Gravataí (Vinicius);R$ 28.416,10;710;R$ 40,02
01/09/2022;Caxias do Sul;R$ 123.235,02;1736;R$ 71,00
01/09/2022;Novo Hamburgo;R$ 92.538,74;2313;R$ 40,01
01/09/2022;São Leopoldo;R$ 85.438,97;1424;R$ 60,00
01/09/2022;Barra Shopping;R$ 83.890,10;2151;R$ 39,00
01/09/2022;Montenegro;R$ 64.800,87;1157;R$ 56,00
01/09/2022;Shopping Total;R$ 58.868,46;1472;R$ 39,99
01/09/2022;Sapiranga;R$ 54.144,32;1354;R$ 39,99
01/09/2022;Estância Velha;R$ 46.719,89;1112;R$ 42,00
01/09/2022;Sapucaia do Sul (Vinicius);R$ 46.310,48;1158;R$ 39,99
01/09/2022;Campo Bom;R$ 45.891,05;1147;R$ 40,01
01/09/2022;Gravataí (Vinicius);R$ 32.847,16;821;R$ 40,01
01/09/2022;Bento Gonçalves;R$ 31.500,99;788;R$ 39,98
01/09/2022;Parobé;R$ 11.096,31;277;R$ 40,06
01/10/2022;Caxias do Sul;R$ 129.679,96;1826;R$ 71,00
01/10/2022;Novo Hamburgo;R$ 102.027,07;2551;R$ 39,99
01/10/2022;São Leopoldo;R$ 82.395,81;1498;R$ 55,00
01/10/2022;Barra Shopping;R$ 78.738,54;1968;R$ 40,01
01/10/2022;Shopping Total;R$ 65.063,39;1627;R$ 39,99
01/10/2022;Montenegro;R$ 64.401,12;947;R$ 68,00
01/10/2022;Sapiranga;R$ 60.550,62;1514;R$ 39,99
01/10/2022;Campo Bom;R$ 52.520,45;1142;R$ 46,00
01/10/2022;Sapucaia do Sul (Vinicius);R$ 47.915,71;871;R$ 55,00
01/10/2022;Estância Velha;R$ 47.000,79;771;R$ 61,00
01/10/2022;Bento Gonçalves;R$ 45.406,58;1135;R$ 40,01
01/10/2022;Gravataí (Vinicius);R$ 35.190,00;880;R$ 39,99
01/11/2022;Caxias do Sul;R$ 133.514,87;3514;R$ 38,00
01/11/2022;Novo Hamburgo;R$ 104.316,03;1739;R$ 60,00
01/11/2022;Barra Shopping;R$ 84.529,68;1409;R$ 60,00
01/11/2022;São Leopoldo;R$ 80.987,86;2025;R$ 39,99
01/11/2022;Shopping Total;R$ 67.357,39;1643;R$ 41,00
01/11/2022;Sapiranga;R$ 62.609,36;1565;R$ 40,01
01/11/2022;Montenegro;R$ 56.334,00;1408;R$ 40,01
01/11/2022;Bento Gonçalves;R$ 50.879,49;1018;R$ 50,00
01/11/2022;Campo Bom;R$ 47.723,57;1290;R$ 37,00
01/11/2022;Sapucaia do Sul (Vinicius);R$ 47.287,04;1182;R$ 40,01
01/11/2022;Estância Velha;R$ 42.640,67;969;R$ 44,00
01/11/2022;Gravataí (Vinicius);R$ 36.978,01;924;R$ 40,02
01/12/2022;Caxias do Sul;R$ 145.346,63;2464;R$ 59,00
01/12/2022;Barra Shopping;R$ 114.359,18;2287;R$ 50,00
01/12/2022;Novo Hamburgo;R$ 113.302,42;2833;R$ 39,99
01/12/2022;São Leopoldo;R$ 83.431,88;1438;R$ 58,00
01/12/2022;Sapiranga;R$ 68.956,81;1095;R$ 63,00
01/12/2022;Bento Gonçalves;R$ 68.852,98;1721;R$ 40,01
01/12/2022;Shopping Total;R$ 68.654,19;1716;R$ 40,01
01/12/2022;Montenegro;R$ 66.423,65;1661;R$ 39,99
01/12/2022;Campo Bom;R$ 60.028,88;1501;R$ 39,99
01/12/2022;Estância Velha;R$ 47.261,17;1182;R$ 39,98
01/12/2022;Sapucaia do Sul (Vinicius);R$ 23.224,55;581;R$ 39,97
01/12/2022;Gravataí (Vinicius);R$ 19.684,10;492;R$ 40,01
01/01/2023;Caxias do Sul;R$ 121.801,28;2064;R$ 59,00
01/01/2023;Barra Shopping;R$ 90.203,42;2374;R$ 38,00
01/01/2023;Novo Hamburgo;R$ 88.157,53;1259;R$ 70,00
01/01/2023;São Leopoldo;R$ 69.874,45;1059;R$ 66,00
01/01/2023;Sapiranga;R$ 65.163,84;973;R$ 67,00
01/01/2023;Bento Gonçalves;R$ 61.906,28;1548;R$ 39,99
01/01/2023;Montenegro;R$ 55.479,93;867;R$ 64,00
01/01/2023;Campo Bom;R$ 52.482,61;820;R$ 64,00
01/01/2023;Shopping Total;R$ 52.314,19;817;R$ 64,00
01/01/2023;Estância Velha;R$ 46.351,82;1159;R$ 39,99
01/02/2023;Caxias do Sul;R$ 115.396,20;1892;R$ 61,00
01/02/2023;Novo Hamburgo;R$ 83.940,51;2099;R$ 39,99
01/02/2023;Barra Shopping;R$ 79.548,77;1989;R$ 39,99
01/02/2023;São Leopoldo;R$ 73.886,59;2052;R$ 36,00
01/02/2023;Bento Gonçalves;R$ 62.326,83;1640;R$ 38,00
01/02/2023;Sapiranga;R$ 57.426,75;1436;R$ 39,99
01/02/2023;Montenegro;R$ 55.948,57;1399;R$ 39,99
01/02/2023;Shopping Total;R$ 48.738,83;1218;R$ 40,02
01/02/2023;Campo Bom;R$ 48.259,78;1206;R$ 40,02
01/02/2023;Estância Velha;R$ 40.680,68;1071;R$ 38,00
01/03/2023;Caxias do Sul;R$ 128.478,28;2424;R$ 53,00
01/03/2023;Novo Hamburgo;R$ 88.832,21;1813;R$ 49,00
01/03/2023;Barra Shopping;R$ 78.838,03;1516;R$ 52,00
01/03/2023;São Leopoldo;R$ 78.824,79;1971;R$ 39,99
01/03/2023;Bento Gonçalves;R$ 60.864,02;1522;R$ 39,99
01/03/2023;Shopping Total;R$ 60.182,44;1505;R$ 39,99
01/03/2023;Sapiranga;R$ 58.512,69;1330;R$ 44,00
01/03/2023;Montenegro;R$ 52.020,93;1301;R$ 39,99
01/03/2023;Campo Bom;R$ 51.589,66;1290;R$ 39,99
01/03/2023;Estância Velha;R$ 46.230,41;1156;R$ 39,99
01/03/2023;Canoas;R$ 22.604,87;565;R$ 40,01
01/04/2023;Caxias do Sul;R$ 132.170,64;2812;R$ 47,00
01/04/2023;Novo Hamburgo;R$ 94.378,13;2359;R$ 40,01
01/04/2023;Barra Shopping;R$ 84.831,17;1414;R$ 60,00
01/04/2023;São Leopoldo;R$ 74.857,51;1871;R$ 40,01
01/04/2023;Montenegro;R$ 60.754,93;856;R$ 71,00
01/04/2023;Shopping Total;R$ 58.254,57;1456;R$ 40,01
01/04/2023;Sapiranga;R$ 58.055,34;1451;R$ 40,01
01/04/2023;Bento Gonçalves;R$ 55.433,79;1027;R$ 54,00
01/04/2023;Campo Bom;R$ 49.530,31;1238;R$ 40,01
01/04/2023;Estância Velha;R$ 42.372,51;1059;R$ 40,01
01/04/2023;Canoas;R$ 39.736,40;993;R$ 40,02
01/05/2023;Caxias do Sul;R$ 150.441,83;2839;R$ 53,00
01/05/2023;Novo Hamburgo;R$ 118.109,36;2316;R$ 51,00
01/05/2023;Barra Shopping;R$ 85.362,47;1674;R$ 51,00
01/05/2023;São Leopoldo;R$ 76.057,43;1901;R$ 40,01
01/05/2023;Bento Gonçalves;R$ 63.288,65;1582;R$ 40,01
01/05/2023;Sapiranga;R$ 62.304,84;1558;R$ 39,99
01/05/2023;Shopping Total;R$ 61.904,43;1548;R$ 39,99
01/05/2023;Campo Bom;R$ 52.015,35;1300;R$ 40,01
01/05/2023;Canoas;R$ 41.164,67;957;R$ 43,00
01/05/2023;Estância Velha;R$ 31.634,19;791;R$ 39,99
01/06/2023;Caxias do Sul;R$ 139.405,15;2248;R$ 62,00
01/06/2023;Novo Hamburgo;R$ 125.073,62;1895;R$ 66,00
01/06/2023;São Leopoldo;R$ 94.150,53;1308;R$ 72,00
01/06/2023;Barra Shopping;R$ 92.599,35;1251;R$ 74,00
01/06/2023;Shopping Total;R$ 62.318,55;930;R$ 67,00
01/06/2023;Sapiranga;R$ 58.466,73;1462;R$ 39,99
01/06/2023;Bento Gonçalves;R$ 55.852,14;1396;R$ 40,01
01/06/2023;Campo Bom;R$ 48.823,21;1221;R$ 39,99
01/07/2023;Caxias do Sul;R$ 132.482,84;3011;R$ 44,00
01/07/2023;Bento Gonçalves;R$ 57.698,26;1442;R$ 40,01
01/07/2023;Campo Bom;R$ 45.965,29;1155;R$ 39,80
01/07/2023;Canoas Mathias;R$ 16.644,68;416;R$ 40,01
01/09/2023;Canoas Mathias;R$ 32.600,93;823;R$ 39,61
01/12/2023;Campo Bom;R$ 48.229,69;1194;R$ 40,39
01/12/2023;Canoas Mathias;R$ 31.665,10;794;R$ 39,88
01/01/2024;Sapiranga;R$ 49.430,14;1238;R$ 39,93
01/01/2024;Canoas Mathias;R$ 24.545,82;614;R$ 39,98
01/02/2024;Campo Bom;R$ 44.478,20;1120;R$ 39,71
01/04/2024;Campo Bom;R$ 39.746,22;983;R$ 40,43
01/05/2024;Erechim;R$ 82.184,05;2038;R$ 40,33
01/07/2024;Zona Norte;R$ 5.179,86;130;R$ 39,85
01/09/2024;Erechim;R$ 86.813,39;2153;R$ 40,32
01/09/2024;Campo Bom;R$ 41.789,88;1033;R$ 40,45
01/10/2024;Sapiranga;R$ 72.556,09;1826;R$ 39,73
01/12/2024;Floresta;R$ 40.688,48;1006;R$ 40,45
01/03/2025;Floresta;R$ 61.423,00;1545;R$ 39,76
01/03/2025;Porto Alegre Zona Norte;R$ 10.186,00;256;R$ 39,79
01/04/2025;Floresta;R$ 56.489,37;1404;R$ 40,23
01/09/2019;Sapiranga;R$ 126.219,14;3712;R$ 34,00
01/09/2019;Campo Bom;R$ 89.989,00;2647;R$ 34,00
01/10/2019;Campo Bom;R$ 99.432,20;2924;R$ 34,01
01/11/2019;Novo Hamburgo;R$ 41.256,74;1213;R$ 34,01
01/12/2019;Novo Hamburgo;R$ 124.124,47;3651;R$ 34,00
01/12/2019;Sapiranga;R$ 120.044,74;3531;R$ 34,00
01/12/2019;Campo Bom;R$ 112.115,40;3298;R$ 33,99
01/02/2020;Sapiranga;R$ 128.035,24;3766;R$ 34,00
01/03/2020;Taquara;R$ 80.907,16;2380;R$ 33,99
01/04/2020;Campo Bom;R$ 80.743,90;2375;R$ 34,00
01/04/2020;Taquara;R$ 51.500,00;1515;R$ 33,99
01/05/2020;Sapiranga;R$ 89.308,63;2627;R$ 34,00
01/05/2020;Novo Hamburgo;R$ 78.241,61;2301;R$ 34,00
01/05/2020;Campo Bom;R$ 71.073,60;2090;R$ 34,01
01/05/2020;Taquara;R$ 55.241,10;1625;R$ 33,99
01/06/2020;Novo Hamburgo;R$ 71.306,00;2097;R$ 34,00
01/08/2020;Sapiranga;R$ 112.747,91;3316;R$ 34,00
01/08/2020;Taquara;R$ 85.522,48;2515;R$ 34,00
01/09/2020;Montenegro;R$ 83.083,34;2444;R$ 33,99
01/09/2020;Campo Bom;R$ 73.069,97;2149;R$ 34,00
01/10/2020;Novo Hamburgo;R$ 126.337,62;3716;R$ 34,00
01/10/2020;Campo Bom;R$ 73.303,70;2156;R$ 34,00
01/11/2020;Montenegro;R$ 89.574,03;2635;R$ 33,99
01/11/2020;Sapiranga;R$ 89.030,31;2619;R$ 33,99
01/11/2020;Taquara;R$ 68.116,66;2003;R$ 34,01
01/12/2020;Campo Bom;R$ 82.911,98;2439;R$ 33,99
01/01/2021;Sapiranga;R$ 84.739,93;2492;R$ 34,00
01/01/2021;Campo Bom;R$ 74.820,76;2201;R$ 33,99
01/02/2021;Novo Hamburgo;R$ 87.144,53;2563;R$ 34,00
01/02/2021;Montenegro;R$ 80.166,19;2358;R$ 34,00
01/02/2021;Caxias do Sul;R$ 76.513,47;2250;R$ 34,01
01/03/2021;Caxias do Sul;R$ 85.503,81;2515;R$ 34,00
01/03/2021;Montenegro;R$ 76.841,08;2260;R$ 34,00
01/03/2021;Campo Bom;R$ 45.668,95;1343;R$ 34,01
01/04/2021;Novo Hamburgo;R$ 82.512,95;2427;R$ 34,00
01/04/2021;Estância Velha;R$ 62.896,70;1850;R$ 34,00
01/05/2021;Novo Hamburgo;R$ 96.870,49;2849;R$ 34,00
01/05/2021;Caxias do Sul;R$ 76.170,19;2240;R$ 34,00
01/05/2021;São Leopoldo;R$ 66.010,93;1941;R$ 34,01
01/05/2021;Sapiranga;R$ 58.601,29;1724;R$ 33,99
01/05/2021;Estância Velha;R$ 55.885,24;1644;R$ 33,99
01/05/2021;Campo Bom;R$ 44.650,24;1313;R$ 34,01
01/06/2021;Montenegro;R$ 63.582,49;1870;R$ 34,00
01/06/2021;São Leopoldo;R$ 62.740,71;1845;R$ 34,01
01/06/2021;Sapiranga;R$ 56.356,27;1658;R$ 33,99
01/06/2021;Campo Bom;R$ 41.537,05;1222;R$ 33,99
01/06/2021;Parobé;R$ 36.707,93;1080;R$ 33,99
01/07/2021;Caxias do Sul;R$ 122.228,36;3595;R$ 34,00
01/07/2021;São Leopoldo;R$ 76.488,20;2250;R$ 33,99
01/07/2021;Montenegro;R$ 67.921,59;1998;R$ 33,99
01/07/2021;Sapiranga;R$ 65.643,80;1931;R$ 33,99
01/07/2021;Taquara;R$ 64.681,96;1902;R$ 34,01
01/07/2021;Campo Bom;R$ 48.317,99;1421;R$ 34,00
01/08/2021;Caxias do Sul;R$ 113.865,70;3349;R$ 34,00
01/08/2021;Novo Hamburgo;R$ 79.826,82;2348;R$ 34,00
01/08/2021;Campo Bom;R$ 51.533,65;1516;R$ 33,99
01/08/2021;Parobé;R$ 41.442,26;1219;R$ 34,00
01/09/2021;Montenegro;R$ 68.762,53;2022;R$ 34,01
01/09/2021;São Leopoldo;R$ 68.066,58;2002;R$ 34,00
01/09/2021;Sapiranga;R$ 60.587,70;1782;R$ 34,00
01/09/2021;Taquara;R$ 52.138,94;1533;R$ 34,01
01/09/2021;Campo Bom;R$ 48.589,91;1429;R$ 34,00
01/10/2021;Novo Hamburgo;R$ 97.430,32;2866;R$ 34,00
01/10/2021;São Leopoldo;R$ 86.228,90;2536;R$ 34,00
01/11/2021;Novo Hamburgo;R$ 128.932,78;3792;R$ 34,00
01/11/2021;São Leopoldo;R$ 115.734,97;3404;R$ 34,00
01/11/2021;Sapiranga;R$ 70.634,98;2077;R$ 34,01
01/11/2021;Estância Velha;R$ 59.370,66;1746;R$ 34,00
01/11/2021;Taquara;R$ 49.200,68;1447;R$ 34,00
01/11/2021;Nova Hartz;R$ 30.229,82;889;R$ 34,00
01/12/2021;Caxias do Sul;R$ 129.367,05;3805;R$ 34,00
01/12/2021;Novo Hamburgo;R$ 128.674,31;3785;R$ 34,00
01/12/2021;São Leopoldo;R$ 109.954,22;3234;R$ 34,00
01/12/2021;Sapiranga;R$ 89.459,55;2631;R$ 34,00
01/12/2021;Montenegro;R$ 81.165,45;2387;R$ 34,00
01/12/2021;Estância Velha;R$ 70.612,25;2077;R$ 34,00
01/12/2021;Taquara;R$ 53.985,40;1588;R$ 34,00
01/12/2021;Sapucaia do Sul (Vinicius);R$ 23.860,12;702;R$ 33,99
01/08/2023;Campo Bom;R$ 48.549,15;1426;R$ 34,05
01/09/2023;Shopping Total;R$ 64.131,80;1895;R$ 33,84
01/10/2023;Sapiranga;R$ 49.952,92;1468;R$ 34,03
01/11/2023;Shopping Total;R$ 75.637,84;2208;R$ 34,26
01/11/2023;Campo Bom;R$ 38.917,01;1130;R$ 34,44
01/12/2023;Shopping Total;R$ 70.758,83;2066;R$ 34,25
01/11/2024;Porto Alegre Zona Norte;R$ 5.888,00;173;R$ 34,03
01/12/2024;Vila Mariana;R$ 946,95;28;R$ 33,82
01/08/2019;Sapiranga;R$ 142.772,54;4079;R$ 35,00
01/10/2019;Sapiranga;R$ 115.841,66;3310;R$ 35,00
01/11/2019;Sapiranga;R$ 115.157,85;3290;R$ 35,00
01/03/2020;Sapiranga;R$ 127.734,57;3650;R$ 35,00
01/03/2020;Campo Bom;R$ 107.065,00;3059;R$ 35,00
01/03/2020;Novo Hamburgo;R$ 57.214,54;1635;R$ 34,99
01/04/2020;Sapiranga;R$ 88.876,10;2539;R$ 35,00
01/04/2020;Novo Hamburgo;R$ 8.185,09;234;R$ 34,98
01/06/2020;Sapiranga;R$ 94.462,46;2699;R$ 35,00
01/06/2020;Campo Bom;R$ 71.073,60;2031;R$ 34,99
01/06/2020;Taquara;R$ 54.698,24;1563;R$ 35,00
01/07/2020;Sapiranga;R$ 121.005,43;3457;R$ 35,00
01/07/2020;Novo Hamburgo;R$ 98.495,06;2814;R$ 35,00
01/07/2020;Taquara;R$ 78.443,90;2241;R$ 35,00
01/07/2020;Campo Bom;R$ 63.444,13;1813;R$ 34,99
01/08/2020;Novo Hamburgo;R$ 117.013,71;3343;R$ 35,00
01/08/2020;Campo Bom;R$ 81.349,83;2324;R$ 35,00
01/09/2020;Novo Hamburgo;R$ 126.172,13;3605;R$ 35,00
01/09/2020;Sapiranga;R$ 108.969,09;3113;R$ 35,00
01/09/2020;Taquara;R$ 76.933,95;2198;R$ 35,00
01/10/2020;Sapiranga;R$ 97.860,92;2796;R$ 35,00
01/10/2020;Montenegro;R$ 91.010,93;2600;R$ 35,00
01/10/2020;Taquara;R$ 64.971,70;1856;R$ 35,01
01/11/2020;Novo Hamburgo;R$ 115.220,85;3292;R$ 35,00
01/11/2020;Campo Bom;R$ 65.783,34;1880;R$ 34,99
01/12/2020;Novo Hamburgo;R$ 125.264,46;3579;R$ 35,00
01/12/2020;Montenegro;R$ 110.912,25;3169;R$ 35,00
01/12/2020;Sapiranga;R$ 96.301,48;2751;R$ 35,01
01/12/2020;Taquara;R$ 83.102,13;2374;R$ 35,01
01/01/2021;Novo Hamburgo;R$ 121.668,76;3476;R$ 35,00
01/01/2021;Montenegro;R$ 103.530,47;2958;R$ 35,00
01/01/2021;Taquara;R$ 75.854,00;2167;R$ 35,00
01/01/2021;Caxias do Sul;R$ 55.712,62;1592;R$ 35,00
01/02/2021;Taquara;R$ 60.524,75;1729;R$ 35,01
01/02/2021;Sapiranga;R$ 56.336,05;1610;R$ 34,99
01/02/2021;Campo Bom;R$ 50.545,59;1444;R$ 35,00
01/03/2021;Novo Hamburgo;R$ 100.453,20;2870;R$ 35,00
01/03/2021;Estância Velha;R$ 60.834,49;1738;R$ 35,00
01/03/2021;Taquara;R$ 57.260,60;1636;R$ 35,00
01/03/2021;Sapiranga;R$ 53.401,10;1526;R$ 34,99
01/04/2021;Caxias do Sul;R$ 80.413,13;2298;R$ 34,99
01/04/2021;Montenegro;R$ 76.649,17;2190;R$ 35,00
01/04/2021;Sapiranga;R$ 50.044,07;1430;R$ 35,00
01/04/2021;Taquara;R$ 48.176,58;1376;R$ 35,01
01/04/2021;Campo Bom;R$ 38.543,65;1101;R$ 35,01
01/04/2021;São Leopoldo;R$ 35.792,76;1023;R$ 34,99
01/05/2021;Montenegro;R$ 70.634,88;2018;R$ 35,00
01/05/2021;Taquara;R$ 47.152,73;1347;R$ 35,01
01/05/2021;Parobé;R$ 43.594,45;1246;R$ 34,99
01/06/2021;Caxias do Sul;R$ 106.367,28;3039;R$ 35,00
01/06/2021;Novo Hamburgo;R$ 95.885,60;2740;R$ 34,99
01/06/2021;Estância Velha;R$ 54.633,36;1561;R$ 35,00
01/06/2021;Taquara;R$ 48.281,96;1379;R$ 35,01
01/07/2021;Novo Hamburgo;R$ 102.538,92;2930;R$ 35,00
01/07/2021;Estância Velha;R$ 61.813,26;1766;R$ 35,00
01/07/2021;Parobé;R$ 50.531,31;1444;R$ 34,99
01/08/2021;São Leopoldo;R$ 75.557,68;2159;R$ 35,00
01/08/2021;Montenegro;R$ 71.824,14;2052;R$ 35,00
01/08/2021;Estância Velha;R$ 66.495,99;1900;R$ 35,00
01/08/2021;Sapiranga;R$ 58.241,67;1664;R$ 35,00
01/08/2021;Taquara;R$ 52.457,07;1499;R$ 34,99
01/09/2021;Caxias do Sul;R$ 116.732,15;3335;R$ 35,00
01/09/2021;Novo Hamburgo;R$ 84.039,94;2401;R$ 35,00
01/09/2021;Estância Velha;R$ 55.907,89;1597;R$ 35,01
01/09/2021;Parobé;R$ 37.249,98;1064;R$ 35,01
01/10/2021;Caxias do Sul;R$ 125.607,10;3589;R$ 35,00
01/10/2021;Montenegro;R$ 76.242,56;2178;R$ 35,01
01/10/2021;Sapiranga;R$ 61.765,38;1765;R$ 34,99
01/10/2021;Estância Velha;R$ 61.110,82;1746;R$ 35,00
01/10/2021;Campo Bom;R$ 56.334,86;1610;R$ 34,99
01/10/2021;Taquara;R$ 55.475,49;1585;R$ 35,00
01/10/2021;Nova Hartz;R$ 54.020,31;1543;R$ 35,01
01/10/2021;Parobé;R$ 38.801,00;1109;R$ 34,99
01/11/2021;Caxias do Sul;R$ 112.935,10;3227;R$ 35,00
01/11/2021;Montenegro;R$ 75.866,31;2168;R$ 34,99
01/11/2021;Campo Bom;R$ 59.256,74;1693;R$ 35,00
01/11/2021;Parobé;R$ 40.369,96;1153;R$ 35,01
01/12/2021;Campo Bom;R$ 76.737,74;2193;R$ 34,99
01/12/2021;Parobé;R$ 44.442,81;1270;R$ 34,99
01/12/2021;Nova Hartz;R$ 27.450,25;784;R$ 35,01
01/09/2023;Campo Bom;R$ 53.519,50;1535;R$ 34,87
01/09/2024;Vila Mariana;R$ 14.469,71;408;R$ 35,46
01/10/2024;Vila Mariana;R$ 12.812,21;363;R$ 35,30
01/11/2024;Vila Mariana;R$ 9.373,41;271;R$ 34,59
01/11/2019;Campo Bom;R$ 96.558,80;2682;R$ 36,00
01/01/2020;Campo Bom;R$ 108.411,90;2853;R$ 38,00
01/02/2020;Campo Bom;R$ 109.765,05;2889;R$ 37,99
01/06/2023;Estância Velha;R$ 37.345,03;258;R$ 144,75
01/07/2023;Shopping Total;R$ 77.424,34;1454;R$ 53,25
01/07/2023;Estância Velha;R$ 35.667,05;729;R$ 48,93
01/08/2023;Shopping Total;R$ 63.398,44;1949;R$ 32,53
01/08/2023;Estância Velha;R$ 36.320,73;709;R$ 51,23
01/08/2023;Canoas Mathias;R$ 23.597,15;616;R$ 38,31
01/09/2023;Estância Velha;R$ 31.673,07;599;R$ 52,88
01/10/2023;Shopping Total;R$ 67.732,27;2065;R$ 32,80
01/10/2023;Campo Bom;R$ 49.065,70;1312;R$ 37,40
01/10/2023;Canoas Mathias;R$ 31.515,35;853;R$ 36,95
01/10/2023;Estância Velha;R$ 29.393,68;523;R$ 56,20
01/11/2023;Canoas Mathias;R$ 32.376,32;892;R$ 36,30
01/11/2023;Estância Velha;R$ 27.534,78;502;R$ 54,85
01/12/2023;Estância Velha;R$ 30.766,13;573;R$ 53,69
01/01/2024;Shopping Total;R$ 64.336,66;3790;R$ 16,98
01/01/2024;Campo Bom;R$ 46.038,12;1209;R$ 38,08
01/01/2024;Estância Velha;R$ 28.495,57;546;R$ 52,19
01/02/2024;Estância Velha;R$ 27.780,44;1643;R$ 16,91
01/02/2024;Canoas Mathias;R$ 25.615,22;629;R$ 40,72
01/03/2024;Campo Bom;R$ 44.037,47;1004;R$ 43,86
01/03/2024;Canoas Mathias;R$ 30.717,53;720;R$ 42,66
01/03/2024;Estância Velha;R$ 29.860,34;589;R$ 50,70
01/04/2024;Canoas Mathias;R$ 29.395,57;666;R$ 44,14
01/04/2024;Estância Velha;R$ 26.239,64;518;R$ 50,66
01/05/2024;Campo Bom;R$ 48.029,05;1107;R$ 43,39
01/05/2024;Estância Velha;R$ 22.452,50;369;R$ 60,85
01/05/2024;Canoas Mathias;R$ 2.991,05;68;R$ 43,99
01/06/2024;Campo Bom;R$ 49.242,99;1118;R$ 44,05
01/06/2024;Estância Velha;R$ 15.281,83;256;R$ 59,69
01/07/2024;Campo Bom;R$ 43.562,42;1072;R$ 40,64
01/07/2024;Vila Mariana;R$ 7.986,61;205;R$ 38,96
01/08/2024;Campo Bom;R$ 46.952,66;1149;R$ 40,86
01/08/2024;Vila Mariana;R$ 15.800,20;516;R$ 30,62
01/10/2024;Campo Bom;R$ 28.810,57;680;R$ 42,37
01/01/2020;Sapiranga;R$ 127.060,67;3344;R$ 38,00
01/01/2020;Novo Hamburgo;R$ 89.000,40;2342;R$ 38,00
01/02/2020;Novo Hamburgo;R$ 85.490,36;2250;R$ 38,00
01/05/2023;Montenegro;R$ 70.944,42;444;R$ 159,78
01/06/2023;Montenegro;R$ 65.804,52;1342;R$ 49,03
01/06/2023;Canoas;R$ 45.835,29;436;R$ 105,13
01/06/2023;Zona Norte;R$ 608,49;16;R$ 38,03
01/07/2023;Barra Shopping;R$ 114.585,33;2678;R$ 42,79
01/07/2023;Novo Hamburgo;R$ 110.336,19;1398;R$ 78,92
01/07/2023;São Leopoldo;R$ 94.551,10;1258;R$ 75,16
01/07/2023;Montenegro;R$ 73.669,81;1475;R$ 49,95
01/07/2023;Sapiranga;R$ 55.605,78;685;R$ 81,18
01/07/2023;Canoas;R$ 46.610,68;1140;R$ 40,89
01/07/2023;Zona Norte;R$ 8.096,47;215;R$ 37,66
01/08/2023;Caxias do Sul;R$ 124.636,95;2034;R$ 61,28
01/08/2023;Novo Hamburgo;R$ 112.562,21;2298;R$ 48,98
01/08/2023;Barra Shopping;R$ 90.829,42;3108;R$ 29,22
01/08/2023;São Leopoldo;R$ 83.582,26;1763;R$ 47,41
01/08/2023;Montenegro;R$ 64.729,04;1367;R$ 47,35
01/08/2023;Canoas;R$ 48.631,22;1269;R$ 38,32
01/08/2023;Bento Gonçalves;R$ 48.074,80;669;R$ 71,86
01/08/2023;Sapiranga;R$ 44.810,23;1239;R$ 36,17
01/08/2023;Gravataí;R$ 15.552,29;335;R$ 46,42
01/08/2023;Zona Norte;R$ 8.596,64;196;R$ 43,86
01/09/2023;Caxias do Sul;R$ 139.221,51;2736;R$ 50,89
01/09/2023;Novo Hamburgo;R$ 110.366,61;2171;R$ 50,84
01/09/2023;Barra Shopping;R$ 99.475,46;3345;R$ 29,74
01/09/2023;São Leopoldo;R$ 81.491,40;1693;R$ 48,13
01/09/2023;Montenegro;R$ 65.679,95;1342;R$ 48,94
01/09/2023;Sapiranga;R$ 54.991,94;1529;R$ 35,97
01/09/2023;Canoas;R$ 54.944,45;1445;R$ 38,02
01/09/2023;Bento Gonçalves;R$ 51.416,87;1084;R$ 47,43
01/09/2023;Gravataí;R$ 21.606,87;419;R$ 51,57
01/09/2023;Zona Norte;R$ 4.223,71;89;R$ 47,46
01/10/2023;Caxias do Sul;R$ 122.690,30;2451;R$ 50,06
01/10/2023;Barra Shopping;R$ 114.033,42;3795;R$ 30,05
01/10/2023;Novo Hamburgo;R$ 95.946,27;1955;R$ 49,08
01/10/2023;São Leopoldo;R$ 77.013,91;1666;R$ 46,23
01/10/2023;Montenegro;R$ 68.491,63;1432;R$ 47,83
01/10/2023;Canoas;R$ 51.139,92;1364;R$ 37,49
01/10/2023;Bento Gonçalves;R$ 50.399,27;1050;R$ 48,00
01/10/2023;Gravataí;R$ 21.609,45;447;R$ 48,34
01/10/2023;Lajeado;R$ 15.705,14;326;R$ 48,18
01/10/2023;Zona Norte;R$ 5.836,88;118;R$ 49,47
01/11/2023;Caxias do Sul;R$ 135.853,22;2611;R$ 52,03
01/11/2023;Barra Shopping;R$ 133.914,34;4301;R$ 31,14
01/11/2023;Novo Hamburgo;R$ 107.238,45;2139;R$ 50,13
01/11/2023;São Leopoldo;R$ 84.079,28;1768;R$ 47,56
01/11/2023;Lajeado;R$ 78.457,26;1565;R$ 50,13
01/11/2023;Bento Gonçalves;R$ 66.524,61;1330;R$ 50,02
01/11/2023;Montenegro;R$ 62.276,82;1267;R$ 49,15
01/11/2023;Canoas;R$ 53.223,40;1459;R$ 36,48
01/11/2023;Sapiranga;R$ 49.651,62;1393;R$ 35,64
01/11/2023;Gravataí;R$ 23.741,80;508;R$ 46,74
01/11/2023;Zona Norte;R$ 5.873,75;137;R$ 42,87
01/12/2023;Barra Shopping;R$ 166.546,26;5379;R$ 30,96
01/12/2023;Caxias do Sul;R$ 151.384,68;2815;R$ 53,78
01/12/2023;Novo Hamburgo;R$ 107.718,37;2150;R$ 50,10
01/12/2023;São Leopoldo;R$ 88.884,29;1774;R$ 50,10
01/12/2023;Montenegro;R$ 75.822,47;1454;R$ 52,15
01/12/2023;Lajeado;R$ 74.607,39;1502;R$ 49,67
01/12/2023;Sapiranga;R$ 55.652,88;1478;R$ 37,65
01/12/2023;Bento Gonçalves;R$ 55.274,92;1062;R$ 52,05
01/12/2023;Canoas;R$ 49.474,99;1286;R$ 38,47
01/12/2023;Gravataí;R$ 36.071,53;814;R$ 44,31
01/12/2023;Zona Norte;R$ 6.460,09;134;R$ 48,21
01/01/2024;Caxias do Sul;R$ 130.916,46;2382;R$ 54,96
01/01/2024;Barra Shopping;R$ 111.287,82;3790;R$ 29,36
01/01/2024;Novo Hamburgo;R$ 98.238,38;2047;R$ 47,99
01/01/2024;São Leopoldo;R$ 80.734,30;1608;R$ 50,21
01/01/2024;Erechim;R$ 76.932,77;1738;R$ 44,27
01/01/2024;Lajeado;R$ 62.465,62;1217;R$ 51,33
01/01/2024;Montenegro;R$ 61.370,75;1238;R$ 49,57
01/01/2024;Bento Gonçalves;R$ 50.082,27;971;R$ 51,58
01/01/2024;Canoas;R$ 41.690,23;988;R$ 42,20
01/01/2024;Gravataí;R$ 39.179,55;883;R$ 44,37
01/01/2024;Zona Norte;R$ 6.870,47;165;R$ 41,64
01/02/2024;Caxias do Sul;R$ 122.303,16;2357;R$ 51,89
01/02/2024;Novo Hamburgo;R$ 97.897,72;1961;R$ 49,92
01/02/2024;Barra Shopping;R$ 97.247,44;3139;R$ 30,98
01/02/2024;São Leopoldo;R$ 93.863,35;1933;R$ 48,56
01/02/2024;Erechim;R$ 85.055,03;2035;R$ 41,80
01/02/2024;Floresta;R$ 70.084,49;1643;R$ 42,66
01/02/2024;Montenegro;R$ 67.994,34;1315;R$ 51,71
01/02/2024;Lajeado;R$ 50.775,84;1011;R$ 50,22
01/02/2024;Sapiranga;R$ 49.982,44;1276;R$ 39,17
01/02/2024;Bento Gonçalves;R$ 43.437,99;872;R$ 49,81
01/02/2024;Gravataí;R$ 39.577,53;953;R$ 41,53
01/02/2024;Canoas;R$ 35.894,77;829;R$ 43,30
01/02/2024;Zona Norte;R$ 4.439,50;84;R$ 52,85
01/03/2024;Caxias do Sul;R$ 131.901,42;2510;R$ 52,55
01/03/2024;Novo Hamburgo;R$ 105.723,57;2132;R$ 49,59
01/03/2024;São Leopoldo;R$ 103.647,37;2056;R$ 50,41
01/03/2024;Barra Shopping;R$ 92.633,96;3054;R$ 30,33
01/03/2024;Erechim;R$ 84.977,64;1994;R$ 42,62
01/03/2024;Montenegro;R$ 71.080,12;1385;R$ 51,32
01/03/2024;Floresta;R$ 68.845,12;1630;R$ 42,24
01/03/2024;Sapiranga;R$ 53.791,95;1381;R$ 38,95
01/03/2024;Lajeado;R$ 50.756,71;1065;R$ 47,66
01/03/2024;Bento Gonçalves;R$ 49.135,17;1004;R$ 48,94
01/03/2024;Protásio Alves;R$ 46.175,28;1187;R$ 38,90
01/03/2024;Canoas;R$ 38.987,21;787;R$ 49,54
01/03/2024;Gravataí;R$ 38.834,88;823;R$ 47,19
01/03/2024;Zona Norte;R$ 5.024,02;91;R$ 55,21
01/04/2024;Caxias do Sul;R$ 135.423,32;2469;R$ 54,85
01/04/2024;Novo Hamburgo;R$ 105.653,58;2167;R$ 48,76
01/04/2024;São Leopoldo;R$ 99.805,12;2030;R$ 49,17
01/04/2024;Barra Shopping;R$ 83.207,62;2689;R$ 30,94
01/04/2024;Erechim;R$ 77.069,92;2028;R$ 38,00
01/04/2024;Montenegro;R$ 76.189,50;1533;R$ 49,70
01/04/2024;Protásio Alves;R$ 67.765,41;1749;R$ 38,75
01/04/2024;Floresta;R$ 56.965,43;1450;R$ 39,29
01/04/2024;Sapiranga;R$ 52.642,68;1406;R$ 37,44
01/04/2024;Esteio;R$ 52.415,87;1089;R$ 48,13
01/04/2024;Bento Gonçalves;R$ 50.641,44;1038;R$ 48,79
01/04/2024;Lajeado;R$ 46.826,66;1042;R$ 44,94
01/04/2024;Gravataí;R$ 37.520,14;831;R$ 45,15
01/04/2024;Canoas;R$ 35.754,96;785;R$ 45,55
01/04/2024;Zona Norte;R$ 6.791,51;125;R$ 54,33
01/05/2024;Caxias do Sul;R$ 141.678,08;2417;R$ 58,62
01/05/2024;Esteio;R$ 133.434,48;2601;R$ 51,30
01/05/2024;Novo Hamburgo;R$ 127.226,59;2414;R$ 52,70
01/05/2024;Protásio Alves;R$ 101.886,36;2162;R$ 47,13
01/05/2024;São Leopoldo;R$ 87.981,38;1522;R$ 57,81
01/05/2024;Sapiranga;R$ 66.713,12;1538;R$ 43,38
01/05/2024;Barra Shopping;R$ 57.776,07;1929;R$ 29,95
01/05/2024;Gravataí;R$ 55.371,16;1045;R$ 52,99
01/05/2024;Lajeado;R$ 49.855,99;998;R$ 49,96
01/05/2024;Bento Gonçalves;R$ 49.377,77;907;R$ 54,44
01/05/2024;Montenegro;R$ 48.969,65;851;R$ 57,54
01/05/2024;Floresta;R$ 28.198,56;574;R$ 49,13
01/05/2024;Canoas;R$ 25.318,02;472;R$ 53,64
01/05/2024;Zona Norte;R$ 10.180,14;193;R$ 52,75
01/06/2024;Caxias do Sul;R$ 151.206,45;2542;R$ 59,48
01/06/2024;Novo Hamburgo;R$ 129.569,54;2474;R$ 52,37
01/06/2024;São Leopoldo;R$ 126.959,93;2237;R$ 56,75
01/06/2024;Esteio;R$ 120.763,77;2487;R$ 48,56
01/06/2024;Barra Shopping;R$ 95.286,68;3165;R$ 30,11
01/06/2024;Erechim;R$ 83.400,12;2059;R$ 40,51
01/06/2024;Protásio Alves;R$ 81.970,38;1921;R$ 42,67
01/06/2024;Montenegro;R$ 80.544,67;1506;R$ 53,48
01/06/2024;Canoas;R$ 74.125,88;1273;R$ 58,23
01/06/2024;Lajeado;R$ 65.799,34;1333;R$ 49,36
01/06/2024;Sapiranga;R$ 61.943,97;1426;R$ 43,44
01/06/2024;Floresta;R$ 59.044,90;1309;R$ 45,11
01/06/2024;Gravataí;R$ 48.048,68;954;R$ 50,37
01/06/2024;Bento Gonçalves;R$ 45.262,44;846;R$ 53,50
01/06/2024;Zona Norte;R$ 5.165,04;145;R$ 35,62
01/07/2024;Caxias do Sul;R$ 161.427,36;2714;R$ 59,48
01/07/2024;Novo Hamburgo;R$ 124.444,11;2551;R$ 48,78
01/07/2024;Esteio;R$ 114.141,93;2357;R$ 48,43
01/07/2024;São Leopoldo;R$ 108.337,81;1905;R$ 56,87
01/07/2024;Barra Shopping;R$ 92.663,15;3124;R$ 29,66
01/07/2024;Protásio Alves;R$ 77.444,15;1744;R$ 44,41
01/07/2024;Montenegro;R$ 77.268,70;1449;R$ 53,33
01/07/2024;Erechim;R$ 76.299,95;1835;R$ 41,58
01/07/2024;Canoas;R$ 70.092,97;1286;R$ 54,50
01/07/2024;Sapiranga;R$ 64.509,84;1403;R$ 45,98
01/07/2024;Lajeado;R$ 61.190,87;1233;R$ 49,63
01/07/2024;Floresta;R$ 48.956,25;1132;R$ 43,25
01/07/2024;Gravataí;R$ 42.791,32;866;R$ 49,41
01/07/2024;Bento Gonçalves;R$ 40.737,98;749;R$ 54,39
01/08/2024;Caxias do Sul;R$ 140.785,42;2417;R$ 58,25
01/08/2024;Novo Hamburgo;R$ 128.775,61;2609;R$ 49,36
01/08/2024;Canoas;R$ 111.011,97;2108;R$ 52,66
01/08/2024;Esteio;R$ 107.613,59;2239;R$ 48,06
01/08/2024;São Leopoldo;R$ 102.219,21;1854;R$ 55,13
01/08/2024;Erechim;R$ 91.070,88;2153;R$ 42,30
01/08/2024;Barra Shopping;R$ 79.503,36;2669;R$ 29,79
01/08/2024;Sapiranga;R$ 76.528,11;1799;R$ 42,54
01/08/2024;Montenegro;R$ 74.545,34;1421;R$ 52,46
01/08/2024;Protásio Alves;R$ 74.255,98;1728;R$ 42,97
01/08/2024;Lajeado;R$ 47.945,86;998;R$ 48,04
01/08/2024;Floresta;R$ 47.647,18;1151;R$ 41,40
01/08/2024;Bento Gonçalves;R$ 42.220,78;799;R$ 52,84
01/08/2024;Gravataí;R$ 41.265,69;850;R$ 48,55
01/08/2024;Zona Norte;R$ 5.052,35;131;R$ 38,57
01/09/2024;Caxias do Sul;R$ 141.996,81;2502;R$ 56,75
01/09/2024;Novo Hamburgo;R$ 107.210,77;2301;R$ 46,59
01/09/2024;Esteio;R$ 105.540,66;2255;R$ 46,80
01/09/2024;Canoas;R$ 95.268,57;1780;R$ 53,52
01/09/2024;São Leopoldo;R$ 92.945,77;1763;R$ 52,72
01/09/2024;Barra Shopping;R$ 77.426,87;2620;R$ 29,55
01/09/2024;Sapiranga;R$ 71.939,29;1745;R$ 41,23
01/09/2024;Montenegro;R$ 71.189,06;1426;R$ 49,92
01/09/2024;Protásio Alves;R$ 60.922,70;1405;R$ 43,36
01/09/2024;Lajeado;R$ 49.130,61;1095;R$ 44,87
01/09/2024;Gravataí;R$ 44.314,30;1007;R$ 44,01
01/09/2024;Bento Gonçalves;R$ 38.636,81;729;R$ 53,00
01/09/2024;Floresta;R$ 37.358,14;974;R$ 38,36
01/09/2024;Zona Norte;R$ 5.196,97;136;R$ 38,21
01/10/2024;Caxias do Sul;R$ 142.674,81;2565;R$ 55,62
01/10/2024;Novo Hamburgo;R$ 108.829,32;2345;R$ 46,41
01/10/2024;Esteio;R$ 107.012,63;2331;R$ 45,91
01/10/2024;São Leopoldo;R$ 97.405,54;1961;R$ 49,67
01/10/2024;Erechim;R$ 96.549,47;2379;R$ 40,58
01/10/2024;Canoas;R$ 90.896,16;1716;R$ 52,97
01/10/2024;Barra Shopping;R$ 88.359,70;2863;R$ 30,86
01/10/2024;Montenegro;R$ 77.197,76;1622;R$ 47,59
01/10/2024;Protásio Alves;R$ 65.273,52;1483;R$ 44,01
01/10/2024;Gravataí;R$ 55.357,33;1226;R$ 45,15
01/10/2024;Lajeado;R$ 52.914,67;1143;R$ 46,29
01/10/2024;Bento Gonçalves;R$ 43.387,18;826;R$ 52,53
01/10/2024;Floresta;R$ 39.144,54;1012;R$ 38,68
01/10/2024;Zona Norte;R$ 5.209,72;166;R$ 31,38
01/11/2024;Caxias do Sul;R$ 140.032,72;2447;R$ 57,23
01/11/2024;Esteio;R$ 114.211,14;2419;R$ 47,21
01/11/2024;São Leopoldo;R$ 103.129,69;2067;R$ 49,89
01/11/2024;Novo Hamburgo;R$ 102.653,05;1879;R$ 54,63
01/11/2024;Barra Shopping;R$ 100.780,77;3236;R$ 31,14
01/11/2024;Canoas;R$ 90.609,35;1694;R$ 53,49
01/11/2024;Erechim;R$ 90.221,21;2166;R$ 41,65
01/11/2024;Montenegro;R$ 85.892,07;1823;R$ 47,12
01/11/2024;Sapiranga;R$ 69.224,49;1513;R$ 45,75
01/11/2024;Protásio Alves;R$ 65.867,97;1468;R$ 44,87
01/11/2024;Gravataí;R$ 57.332,13;1278;R$ 44,86
01/11/2024;Capão da Canoa;R$ 56.077,36;1248;R$ 44,93
01/11/2024;Lajeado;R$ 55.496,73;1169;R$ 47,47
01/11/2024;Bento Gonçalves;R$ 46.826,86;866;R$ 54,07
01/11/2024;Floresta;R$ 33.171,46;846;R$ 39,21
01/12/2024;Caxias do Sul;R$ 150.270,33;2582;R$ 58,20
01/12/2024;Barra Shopping;R$ 131.492,62;4056;R$ 32,42
01/12/2024;Novo Hamburgo;R$ 105.258,11;2007;R$ 52,45
01/12/2024;São Leopoldo;R$ 104.515,80;2029;R$ 51,51
01/12/2024;Esteio;R$ 102.495,07;2285;R$ 44,86
01/12/2024;Montenegro;R$ 99.601,78;2124;R$ 46,89
01/12/2024;Erechim;R$ 93.095,12;2103;R$ 44,27
01/12/2024;Sapiranga;R$ 86.526,51;1915;R$ 45,18
01/12/2024;Canoas;R$ 85.316,04;1575;R$ 54,17
01/12/2024;Capão da Canoa;R$ 68.869,44;1612;R$ 42,72
01/12/2024;Protásio Alves;R$ 64.357,02;1460;R$ 44,08
01/12/2024;Gravataí;R$ 63.225,89;1430;R$ 44,21
01/12/2024;Lajeado;R$ 61.493,46;1296;R$ 47,45
01/12/2024;Bento Gonçalves;R$ 46.900,84;879;R$ 53,36
01/12/2024;Porto Alegre Zona Norte;R$ 9.503,37;255;R$ 37,27
01/01/2025;Caxias do Sul;R$ 127.978,76;2247;R$ 56,96
01/01/2025;Capão da Canoa;R$ 99.116,50;2099;R$ 47,22
01/01/2025;Novo Hamburgo;R$ 93.751,71;1822;R$ 51,46
01/01/2025;São Leopoldo;R$ 91.235,01;1873;R$ 48,71
01/01/2025;Barra Shopping;R$ 90.771,49;2991;R$ 30,35
01/01/2025;Montenegro;R$ 89.321,75;1857;R$ 48,10
01/01/2025;Esteio;R$ 87.167,15;1991;R$ 43,78
01/01/2025;Canoas;R$ 78.297,41;1472;R$ 53,19
01/01/2025;Sapiranga;R$ 77.219,21;1630;R$ 47,37
01/01/2025;Erechim;R$ 70.360,63;1640;R$ 42,90
01/01/2025;Gravataí;R$ 59.346,07;1321;R$ 44,93
01/01/2025;Protásio Alves;R$ 54.874,94;1186;R$ 46,27
01/01/2025;Lajeado;R$ 53.103,51;1166;R$ 45,54
01/01/2025;Bento Gonçalves;R$ 45.230,74;928;R$ 48,74
01/01/2025;Floresta;R$ 31.258,45;761;R$ 41,08
01/01/2025;Porto Alegre Zona Norte;R$ 12.467,50;323;R$ 38,60
01/02/2025;Caxias do Sul;R$ 133.607,09;2484;R$ 53,79
01/02/2025;São Leopoldo;R$ 88.246,18;1737;R$ 50,80
01/02/2025;Montenegro;R$ 87.375,84;1799;R$ 48,57
01/02/2025;Novo Hamburgo;R$ 86.234,26;1651;R$ 52,23
01/02/2025;Esteio;R$ 84.749,04;1973;R$ 42,95
01/02/2025;Erechim;R$ 84.729,98;1998;R$ 42,41
01/02/2025;Barra Shopping;R$ 79.973,70;2599;R$ 30,77
01/02/2025;Sapiranga;R$ 75.661,57;1688;R$ 44,82
01/02/2025;Canoas;R$ 75.361,19;1333;R$ 56,54
01/02/2025;Capão da Canoa;R$ 72.624,66;1478;R$ 49,14
01/02/2025;Protásio Alves;R$ 62.799,38;1393;R$ 45,08
01/02/2025;Gravataí;R$ 53.164,95;1154;R$ 46,07
01/02/2025;Lajeado;R$ 52.071,35;1164;R$ 44,73
01/02/2025;Bento Gonçalves;R$ 50.724,83;1049;R$ 48,36
01/02/2025;Floresta;R$ 48.317,12;1178;R$ 41,02
01/02/2025;Porto Alegre Zona Norte;R$ 8.781,87;226;R$ 38,86
01/03/2025;Caxias do Sul;R$ 155.399,00;2905;R$ 53,49
01/03/2025;Esteio;R$ 110.394,00;2504;R$ 44,09
01/03/2025;Novo Hamburgo;R$ 101.018,00;1890;R$ 53,45
01/03/2025;São Leopoldo;R$ 98.828,00;1922;R$ 51,42
01/03/2025;Montenegro;R$ 97.872,00;2100;R$ 46,61
01/03/2025;Canoas;R$ 95.864,00;1706;R$ 56,19
01/03/2025;Barra Shopping;R$ 92.567,00;3037;R$ 30,48
01/03/2025;Erechim;R$ 89.672,00;2154;R$ 41,63
01/03/2025;Protásio Alves;R$ 86.428,00;1854;R$ 46,62
01/03/2025;Sapiranga;R$ 86.119,00;2058;R$ 41,85
01/03/2025;Capão da Canoa;R$ 75.427,00;1769;R$ 42,64
01/03/2025;Gravataí;R$ 60.026,00;1288;R$ 46,60
01/03/2025;Bento Gonçalves;R$ 57.857,00;1119;R$ 51,70
01/03/2025;Lajeado;R$ 57.217,00;1294;R$ 44,22
01/04/2025;Caxias do Sul;R$ 142.137,88;2505;R$ 56,74
01/04/2025;Esteio;R$ 99.506,82;2105;R$ 47,27
01/04/2025;Novo Hamburgo;R$ 98.690,79;1778;R$ 55,51
01/04/2025;São Leopoldo;R$ 92.933,28;1806;R$ 51,46
01/04/2025;Barra Shopping;R$ 91.550,13;2807;R$ 32,61
01/04/2025;Protásio Alves;R$ 86.688,06;1929;R$ 44,94
01/04/2025;Montenegro;R$ 86.650,58;1685;R$ 51,42
01/04/2025;Canoas;R$ 76.154,00;1455;R$ 52,34
01/04/2025;Erechim;R$ 75.014,20;1718;R$ 43,66
01/04/2025;Sapiranga;R$ 73.756,62;1636;R$ 45,08
01/04/2025;Ijuí;R$ 72.411,97;1394;R$ 51,95
01/04/2025;Lajeado;R$ 53.282,86;1111;R$ 47,96
01/04/2025;Bento Gonçalves;R$ 50.394,92;1014;R$ 49,70
01/04/2025;Gravataí;R$ 47.434,20;954;R$ 49,72
01/04/2025;Capão da Canoa;R$ 45.931,72;1000;R$ 45,93
01/04/2025;Porto Alegre Zona Norte;R$ 6.793,61;154;R$ 44,11
01/05/2025;Montenegro;R$ 94.364,55;1930;R$ 48,89
01/05/2025;Canoas;R$ 86.708,46;1679;R$ 51,64
01/05/2025;Porto Alegre Zona Norte;R$ 9.487,58;206;R$ 46,06
01/05/2025;São Leopoldo;R$ 97.252,02;1858;R$ 52,34
01/05/2025;Novo Hamburgo;R$ 105.388,86;2012;R$ 52,38
01/05/2025;Barra Shopping;R$ 90.232,32;2781;R$ 32,45
01/05/2025;Floresta;R$ 58.451,14;1352;R$ 43,23
01/05/2025;Sapiranga;R$ 86.357,48;1887;R$ 45,76
01/05/2025;Gravataí;R$ 51.597,09;1065;R$ 48,45
01/05/2025;Caxias do Sul;R$ 162.730,31;2955;R$ 55,07
01/05/2025;Bento Gonçalves;R$ 60.377,65;1192;R$ 50,65
01/05/2025;Lajeado;R$ 46.662,75;937;R$ 49,80
01/05/2025;Erechim;R$ 78.169,32;1778;R$ 43,96
01/05/2025;Protásio Alves;R$ 98.469,56;2112;R$ 46,62
01/05/2025;Esteio;R$ 99.546,11;2145;R$ 46,41
01/05/2025;Capão da Canoa;R$ 52.971,27;1158;R$ 45,74
01/05/2025;Ijuí;R$ 145.404,04;2830;R$ 51,38
01/06/2025;Montenegro;R$ 87.082,52;1671;R$ 52,11
01/06/2025;Canoas;R$ 94.742,73;1908;R$ 49,66
01/06/2025;Porto Alegre Zona Norte;R$ 10.708,26;226;R$ 47,38
01/06/2025;São Leopoldo;R$ 98.705,95;1870;R$ 52,78
01/06/2025;Novo Hamburgo;R$ 100.887,64;1862;R$ 54,18
01/06/2025;Barra Shopping;R$ 78.704,47;2436;R$ 32,31
01/06/2025;Porto Alegre Floresta;R$ 61.375,81;1412;R$ 43,47
01/06/2025;Sapiranga;R$ 90.023,99;1887;R$ 47,71
01/06/2025;Gravataí;R$ 52.623,54;1079;R$ 48,77
01/06/2025;Caxias do Sul;R$ 171.560,83;3166;R$ 54,19
01/06/2025;Bento Gonçalves;R$ 63.012,98;1211;R$ 52,03
01/06/2025;Lajeado;R$ 49.109,65;971;R$ 50,58
01/06/2025;Erechim;R$ 63.328,41;1396;R$ 45,36
01/06/2025;Protásio Alves;R$ 98.645,72;2073;R$ 47,59
01/06/2025;Esteio;R$ 93.758,11;2031;R$ 46,16
01/06/2025;Capão da Canoa;R$ 46.436,04;1026;R$ 45,26
01/06/2025;Ijuí;R$ 94.006,48;1721;R$ 54,62
01/07/2025;Montenegro;R$ 85.435,00;1690;R$ 50,55
01/07/2025;Canoas;R$ 87.936,00;1762;R$ 49,91
01/07/2025;Porto Alegre Zona Norte;R$ 9.833,00;214;R$ 45,95
01/07/2025;São Leopoldo;R$ 89.454,00;1738;R$ 51,47
01/07/2025;Novo Hamburgo;R$ 103.905,00;1940;R$ 53,56
01/07/2025;Barra Shopping;R$ 92.303,00;2807;R$ 32,88
01/07/2025;Porto Alegre Floresta;R$ 62.066,00;1390;R$ 44,65
01/07/2025;Sapiranga;R$ 83.595,00;1786;R$ 46,81
01/07/2025;Gravataí;R$ 46.073,00;930;R$ 49,54
01/07/2025;Caxias do Sul;R$ 150.157,00;2532;R$ 59,30
01/07/2025;Bento Gonçalves;R$ 68.375,00;1279;R$ 53,46
01/07/2025;Lajeado;R$ 46.170,00;921;R$ 50,13
01/07/2025;Erechim;R$ 58.233,00;1334;R$ 43,65
01/07/2025;Protásio Alves;R$ 93.246,00;2025;R$ 46,05
01/07/2025;Esteio;R$ 92.955,00;1954;R$ 47,57
01/07/2025;Capão da Canoa;R$ 43.761,00;953;R$ 45,92
01/07/2025;Ijuí;R$ 84.184,00;1505;R$ 55,94
01/08/2025;Montenegro;R$ 83.876,00;1649;R$ 50,86
01/08/2025;Canoas;R$ 93.156,00;1923;R$ 48,44
01/08/2025;Porto Alegre Zona Norte;R$ 12.892,00;345;R$ 37,37
01/08/2025;São Leopoldo;R$ 90.023,00;1797;R$ 50,10
01/08/2025;Novo Hamburgo;R$ 109.717,00;2236;R$ 49,07
01/08/2025;Barra Shopping;R$ 70.585,00;1989;R$ 35,49
01/08/2025;Porto Alegre Floresta;R$ 60.705,00;1564;R$ 38,81
01/08/2025;Sapiranga;R$ 81.750,00;1739;R$ 47,01
01/08/2025;Gravataí;R$ 44.029,00;915;R$ 48,12
01/08/2025;Caxias do Sul;R$ 153.153,00;2834;R$ 54,04
01/08/2025;Bento Gonçalves;R$ 64.592,00;1187;R$ 54,42
01/08/2025;Lajeado;R$ 59.053,00;1264;R$ 46,72
01/08/2025;Erechim;R$ 31.347,00;714;R$ 43,90
01/08/2025;Protásio Alves;R$ 95.010,00;2052;R$ 46,30
01/08/2025;Esteio;R$ 88.289,00;1872;R$ 47,16
01/08/2025;Capão da Canoa;R$ 43.024,00;1019;R$ 42,22
01/08/2025;Ijuí;R$ 78.326,00;1549;R$ 50,57
01/09/2025;Montenegro;R$ 83.876,00;1649;R$ 50,86
01/09/2025;Canoas;R$ 93.156,00;1923;R$ 48,44
01/09/2025;Porto Alegre Zona Norte;R$ 12.892,00;345;R$ 37,37
01/09/2025;São Leopoldo;R$ 90.023,00;1797;R$ 50,10
01/09/2025;Novo Hamburgo;R$ 109.717,00;2236;R$ 49,07
01/09/2025;Barra Shopping;R$ 70.585,00;1989;R$ 35,49
01/09/2025;Porto Alegre Floresta;R$ 60.705,00;1564;R$ 38,81
01/09/2025;Sapiranga;R$ 81.750,00;1739;R$ 47,01
01/09/2025;Gravataí;R$ 44.029,00;915;R$ 48,12
01/09/2025;Caxias do Sul;R$ 153.153,00;2834;R$ 54,04
01/09/2025;Bento Gonçalves;R$ 64.592,00;1187;R$ 54,42
01/09/2025;Lajeado;R$ 59.053,00;1264;R$ 46,72
01/09/2025;Erechim;R$ 31.347,00;714;R$ 43,90
01/09/2025;Protásio Alves;R$ 95.010,00;2052;R$ 46,30
01/09/2025;Esteio;R$ 88.289,00;1872;R$ 47,16
01/09/2025;Capão da Canoa;R$ 43.024,00;1019;R$ 42,22
01/09/2025;Ijuí;R$ 78.326,00;1549;R$ 50,57
01/09/2025;Campo Bom;R$ 68.846,44;1080;R$ 63,75
01/10/2025;Montenegro;R$ 78.496,51;1504;R$ 52,19
01/10/2025;Canoas;R$ 85.420,00;1767;R$ 48,34
01/10/2025;Porto Alegre Zona Norte;R$ 8.891,55;204;R$ 43,59
01/10/2025;São Leopoldo;R$ 96.277,01;1911;R$ 50,38
01/10/2025;Novo Hamburgo;R$ 117.784,50;2312;R$ 50,94
01/10/2025;Barra Shopping;R$ 74.146,47;2106;R$ 35,21
01/10/2025;Porto Alegre Floresta;R$ 56.576,00;1360;R$ 41,60
01/10/2025;Sapiranga;R$ 72.188,20;1491;R$ 48,42
01/10/2025;Gravataí;R$ 44.066,39;919;R$ 47,95
01/10/2025;Caxias do Sul;R$ 142.201,57;2520;R$ 56,43
01/10/2025;Bento Gonçalves;R$ 56.958,15;1063;R$ 53,58
01/10/2025;Lajeado;R$ 49.040,14;1009;R$ 48,60
01/10/2025;Erechim;R$ 349,46;4;R$ 87,37
01/10/2025;Protásio Alves;R$ 88.353,95;1922;R$ 45,97
01/10/2025;Esteio;R$ 83.281,80;1763;R$ 47,24
01/10/2025;Capão da Canoa;R$ 45.065,04;1060;R$ 42,51
01/10/2025;Ijuí;R$ 77.392,56;1509;R$ 51,29
01/10/2025;Campo Bom;R$ 70.145,03;1379;R$ 50,87
