mes,ano,loja,faturamento,pedidos,ticket,periodo
1,2022,Caxias do Sul,113573.38,2839,40.0,2022-01
1,2022,Novo Hamburgo,109347.46,2734,40.0,2022-01
1,2022,São Leopoldo,86398.5,2160,40.0,2022-01
1,2022,Barra Shopping,81688.37,2042,40.0,2022-01
1,2022,Campo Bom,78692.98,1967,40.0,2022-01
1,2022,Sapiranga,68319.94,1708,40.0,2022-01
1,2022,Montenegro,66613.24,1665,40.0,2022-01
1,2022,Estância Velha,56168.43,1404,40.0,2022-01
1,2022,Taquara,44794.83,1120,40.0,2022-01
1,2022,Sapucaia do Sul (Vinicius),41060.43,1027,40.0,2022-01
1,2022,Nova Hartz,27738.19,693,40.0,2022-01
1,2022,Parobé,24847.49,621,40.0,2022-01
2,2022,Caxias do Sul,122454.15,3061,40.0,2022-02
2,2022,Novo Hamburgo,102136.1,2553,40.0,2022-02
2,2022,São Leopoldo,86518.36,2163,40.0,2022-02
2,2022,Campo Bom,67834.05,1696,40.0,2022-02
2,2022,Montenegro,61861.5,1547,40.0,2022-02
2,2022,Barra Shopping,57842.73,1446,40.0,2022-02
2,2022,Estância Velha,54014.92,1350,40.0,2022-02
2,2022,Sapiranga,50509.72,1263,40.0,2022-02
2,2022,Sapucaia do Sul (Vinicius),43636.69,1091,40.0,2022-02
2,2022,Taquara,38904.13,973,40.0,2022-02
2,2022,Nova Hartz,26261.47,657,40.0,2022-02
2,2022,Parobé,11423.74,286,40.0,2022-02
3,2022,Caxias do Sul,127887.89,3197,40.0,2022-03
3,2022,Novo Hamburgo,97693.73,2442,40.0,2022-03
3,2022,São Leopoldo,88948.6,2224,40.0,2022-03
3,2022,Barra Shopping,74019.52,1850,40.0,2022-03
3,2022,Campo Bom,70078.83,1752,40.0,2022-03
3,2022,Montenegro,64166.06,1604,40.0,2022-03
3,2022,Sapucaia do Sul (Vinicius),53045.75,1326,40.0,2022-03
3,2022,Estância Velha,49705.28,1243,40.0,2022-03
3,2022,Taquara,44695.67,1117,40.0,2022-03
3,2022,Sapiranga,43262.25,1082,40.0,2022-03
3,2022,Nova Hartz,23973.83,599,40.0,2022-03
3,2022,Parobé,20954.39,524,40.0,2022-03
4,2022,Caxias do Sul,127511.71,3188,40.0,2022-04
4,2022,Novo Hamburgo,87438.82,2186,40.0,2022-04
4,2022,São Leopoldo,86395.35,2160,40.0,2022-04
4,2022,Campo Bom,72548.83,1814,40.0,2022-04
4,2022,Sapiranga,70844.9,1771,40.0,2022-04
4,2022,Barra Shopping,70409.25,1760,40.0,2022-04
4,2022,Montenegro,61582.73,1540,40.0,2022-04
4,2022,Sapucaia do Sul (Vinicius),51947.18,1299,40.0,2022-04
4,2022,Estância Velha,49985.1,1250,40.0,2022-04
4,2022,Taquara,39036.29,976,40.0,2022-04
4,2022,Parobé,27114.7,678,40.0,2022-04
4,2022,Gravataí (Vinicius),1692.97,42,40.0,2022-04
4,2022,Passo d' Areia,180.6,5,40.0,2022-04
5,2022,Caxias do Sul,135340.16,3384,40.0,2022-05
5,2022,Novo Hamburgo,111853.53,2796,40.0,2022-05
5,2022,Barra Shopping,86642.4,2166,40.0,2022-05
5,2022,São Leopoldo,84227.59,2106,40.0,2022-05
5,2022,Montenegro,69828.35,1746,40.0,2022-05
5,2022,Sapucaia do Sul (Vinicius),68833.79,1721,40.0,2022-05
5,2022,Campo Bom,68185.28,1705,40.0,2022-05
5,2022,Sapiranga,67072.06,1677,40.0,2022-05
5,2022,Estância Velha,50851.68,1271,40.0,2022-05
5,2022,Passo d' Areia,42091.48,1052,40.0,2022-05
5,2022,Parobé,28810.59,720,40.0,2022-05
5,2022,Gravataí (Vinicius),27093.4,677,40.0,2022-05
6,2022,Caxias do Sul,130231.57,3256,40.0,2022-06
6,2022,Novo Hamburgo,106592.51,2665,40.0,2022-06
6,2022,São Leopoldo,89730.24,2243,40.0,2022-06
6,2022,Barra Shopping,84036.62,2101,40.0,2022-06
6,2022,Sapucaia do Sul (Vinicius),66492.38,1662,40.0,2022-06
6,2022,Montenegro,66385.92,1660,40.0,2022-06
6,2022,Campo Bom,63918.09,1598,40.0,2022-06
6,2022,Sapiranga,60678.24,1517,40.0,2022-06
6,2022,Parobé,48445.97,1211,40.0,2022-06
6,2022,Estância Velha,46494.03,1162,40.0,2022-06
6,2022,Bento Gonçalves,45032.19,1126,39.99,2022-06
6,2022,Passo d' Areia,42644.73,1066,40.0,2022-06
6,2022,Gravataí (Vinicius),41151.55,1029,40.0,2022-06
7,2022,Caxias do Sul,126122.31,3153,40.0,2022-07
7,2022,Barra Shopping,94378.55,2359,40.0,2022-07
7,2022,Novo Hamburgo,93868.42,2347,40.0,2022-07
7,2022,São Leopoldo,93484.16,2337,40.0,2022-07
7,2022,Montenegro,62273.25,1557,40.0,2022-07
7,2022,Campo Bom,60282.49,1507,40.0,2022-07
7,2022,Sapiranga,59075.81,1477,40.0,2022-07
7,2022,Bento Gonçalves,55899.24,1397,40.0,2022-07
7,2022,Sapucaia do Sul (Vinicius),50160.99,1254,40.0,2022-07
7,2022,Parobé,48783.03,1220,40.0,2022-07
7,2022,Passo d' Areia,46669.99,1167,40.0,2022-07
7,2022,Estância Velha,46650.15,1166,40.0,2022-07
7,2022,Gravataí (Vinicius),30008.27,750,40.0,2022-07
8,2022,Caxias do Sul,116023.31,2901,40.0,2022-08
8,2022,Montenegro,94135.13,2353,40.0,2022-08
8,2022,Novo Hamburgo,94135.13,2353,40.0,2022-08
8,2022,São Leopoldo,86221.9,2156,40.0,2022-08
8,2022,Barra Shopping,83047.57,2076,40.0,2022-08
8,2022,Sapiranga,52366.66,1309,40.0,2022-08
8,2022,Campo Bom,52123.38,1303,40.0,2022-08
8,2022,Sapucaia do Sul (Vinicius),41486.34,1037,40.0,2022-08
8,2022,Parobé,41095.43,1027,40.0,2022-08
8,2022,Bento Gonçalves,40071.78,1002,40.0,2022-08
8,2022,Estância Velha,38714.55,968,40.0,2022-08
8,2022,Passo d' Areia,37741.12,944,40.0,2022-08
8,2022,Gravataí (Vinicius),28416.1,710,40.0,2022-08
9,2022,Caxias do Sul,123235.02,3081,40.0,2022-09
9,2022,Novo Hamburgo,92538.74,2313,40.0,2022-09
9,2022,São Leopoldo,85438.97,2136,40.0,2022-09
9,2022,Barra Shopping,83890.1,2097,40.0,2022-09
9,2022,Montenegro,64800.87,1620,40.0,2022-09
9,2022,Shopping Total,58868.46,1472,40.0,2022-09
9,2022,Sapiranga,54144.32,1354,40.0,2022-09
9,2022,Estância Velha,46719.89,1168,40.0,2022-09
9,2022,Sapucaia do Sul (Vinicius),46310.48,1158,40.0,2022-09
9,2022,Campo Bom,45891.05,1147,40.0,2022-09
9,2022,Gravataí (Vinicius),32847.16,821,40.0,2022-09
9,2022,Bento Gonçalves,31500.99,788,40.0,2022-09
9,2022,Parobé,11096.31,277,40.0,2022-09
10,2022,Caxias do Sul,129679.96,3242,40.0,2022-10
10,2022,Novo Hamburgo,102027.07,2551,40.0,2022-10
10,2022,São Leopoldo,82395.81,2060,40.0,2022-10
10,2022,Barra Shopping,78738.54,1968,40.0,2022-10
10,2022,Shopping Total,65063.39,1627,40.0,2022-10
10,2022,Montenegro,64401.12,1610,40.0,2022-10
10,2022,Sapiranga,60550.62,1514,40.0,2022-10
10,2022,Campo Bom,52520.45,1313,40.0,2022-10
10,2022,Sapucaia do Sul (Vinicius),47915.71,1198,40.0,2022-10
10,2022,Estância Velha,47000.79,1175,40.0,2022-10
10,2022,Bento Gonçalves,45406.58,1135,40.0,2022-10
10,2022,Gravataí (Vinicius),35190.0,880,40.0,2022-10
11,2022,Caxias do Sul,133514.87,3338,40.0,2022-11
11,2022,Novo Hamburgo,104316.03,2608,40.0,2022-11
11,2022,Barra Shopping,84529.68,2113,40.0,2022-11
11,2022,São Leopoldo,80987.86,2025,40.0,2022-11
11,2022,Shopping Total,67357.39,1684,40.0,2022-11
11,2022,Sapiranga,62609.36,1565,40.0,2022-11
11,2022,Montenegro,56334.0,1408,40.0,2022-11
11,2022,Bento Gonçalves,50879.49,1272,40.0,2022-11
11,2022,Campo Bom,47723.57,1193,40.0,2022-11
11,2022,Sapucaia do Sul (Vinicius),47287.04,1182,40.0,2022-11
11,2022,Estância Velha,42640.67,1066,40.0,2022-11
11,2022,Gravataí (Vinicius),36978.01,924,40.0,2022-11
12,2022,Caxias do Sul,145346.63,3634,40.0,2022-12
12,2022,Barra Shopping,114359.18,2859,40.0,2022-12
12,2022,Novo Hamburgo,113302.42,2833,40.0,2022-12
12,2022,São Leopoldo,83431.88,2086,40.0,2022-12
12,2022,Sapiranga,68956.81,1724,40.0,2022-12
12,2022,Bento Gonçalves,68852.98,1721,40.0,2022-12
12,2022,Shopping Total,68654.19,1716,40.0,2022-12
12,2022,Montenegro,66423.65,1661,40.0,2022-12
12,2022,Campo Bom,60028.88,1501,40.0,2022-12
12,2022,Estância Velha,47261.17,1182,40.0,2022-12
12,2022,Sapucaia do Sul (Vinicius),23224.55,581,40.0,2022-12
12,2022,Gravataí (Vinicius),19684.1,492,40.0,2022-12
1,2023,Caxias do Sul,121801.28,3045,40.0,2023-01
1,2023,Barra Shopping,90203.42,2255,40.0,2023-01
1,2023,Novo Hamburgo,88157.53,2204,40.0,2023-01
1,2023,São Leopoldo,69874.45,1747,40.0,2023-01
1,2023,Sapiranga,65163.84,1629,40.0,2023-01
1,2023,Bento Gonçalves,61906.28,1548,40.0,2023-01
1,2023,Montenegro,55479.93,1387,40.0,2023-01
1,2023,Campo Bom,52482.61,1312,40.0,2023-01
1,2023,Shopping Total,52314.19,1308,40.0,2023-01
1,2023,Estância Velha,46351.82,1159,40.0,2023-01
2,2023,Caxias do Sul,115396.2,2885,40.0,2023-02
2,2023,Novo Hamburgo,83940.51,2099,40.0,2023-02
2,2023,Barra Shopping,79548.77,1989,40.0,2023-02
2,2023,São Leopoldo,73886.59,1847,40.0,2023-02
2,2023,Bento Gonçalves,62326.83,1558,40.0,2023-02
2,2023,Sapiranga,57426.75,1436,40.0,2023-02
2,2023,Montenegro,55948.57,1399,40.0,2023-02
2,2023,Shopping Total,48738.83,1218,40.0,2023-02
2,2023,Campo Bom,48259.78,1206,40.0,2023-02
2,2023,Estância Velha,40680.68,1017,40.0,2023-02
3,2023,Caxias do Sul,128478.28,3212,40.0,2023-03
3,2023,Novo Hamburgo,88832.21,2221,40.0,2023-03
3,2023,Barra Shopping,78838.03,1971,40.0,2023-03
3,2023,São Leopoldo,78824.79,1971,40.0,2023-03
3,2023,Bento Gonçalves,60864.02,1522,40.0,2023-03
3,2023,Shopping Total,60182.44,1505,40.0,2023-03
3,2023,Sapiranga,58512.69,1463,40.0,2023-03
3,2023,Montenegro,52020.93,1301,40.0,2023-03
3,2023,Campo Bom,51589.66,1290,40.0,2023-03
3,2023,Estância Velha,46230.41,1156,40.0,2023-03
3,2023,Canoas,22604.87,565,40.0,2023-03
4,2023,Caxias do Sul,132170.64,3304,40.0,2023-04
4,2023,Novo Hamburgo,94378.13,2359,40.0,2023-04
4,2023,Barra Shopping,84831.17,2121,40.0,2023-04
4,2023,São Leopoldo,74857.51,1871,40.0,2023-04
4,2023,Montenegro,60754.93,1519,40.0,2023-04
4,2023,Shopping Total,58254.57,1456,40.0,2023-04
4,2023,Sapiranga,58055.34,1451,40.0,2023-04
4,2023,Bento Gonçalves,55433.79,1386,40.0,2023-04
4,2023,Campo Bom,49530.31,1238,40.0,2023-04
4,2023,Estância Velha,42372.51,1059,40.0,2023-04
4,2023,Canoas,39736.4,993,40.0,2023-04
5,2023,Caxias do Sul,150441.83,3761,40.0,2023-05
5,2023,Novo Hamburgo,118109.36,2953,40.0,2023-05
5,2023,Barra Shopping,85362.47,2134,40.0,2023-05
5,2023,São Leopoldo,76057.43,1901,40.0,2023-05
5,2023,Bento Gonçalves,63288.65,1582,40.0,2023-05
5,2023,Sapiranga,62304.84,1558,40.0,2023-05
5,2023,Shopping Total,61904.43,1548,40.0,2023-05
5,2023,Campo Bom,52015.35,1300,40.0,2023-05
5,2023,Canoas,41164.67,1029,40.0,2023-05
5,2023,Estância Velha,31634.19,791,40.0,2023-05
6,2023,Caxias do Sul,139405.15,3485,40.0,2023-06
6,2023,Novo Hamburgo,125073.62,3127,40.0,2023-06
6,2023,São Leopoldo,94150.53,2354,40.0,2023-06
6,2023,Barra Shopping,92599.35,2315,40.0,2023-06
6,2023,Shopping Total,62318.55,1558,40.0,2023-06
6,2023,Sapiranga,58466.73,1462,40.0,2023-06
6,2023,Bento Gonçalves,55852.14,1396,40.0,2023-06
6,2023,Campo Bom,48823.21,1221,40.0,2023-06
7,2023,Caxias do Sul,132482.84,3312,40.0,2023-07
7,2023,Bento Gonçalves,57698.26,1442,40.0,2023-07
7,2023,Campo Bom,45965.29,1155,39.8,2023-07
7,2023,Canoas Mathias,16644.68,416,40.0,2023-07
9,2023,Canoas Mathias,32600.93,823,39.61,2023-09
12,2023,Campo Bom,48229.69,1194,40.39,2023-12
12,2023,Canoas Mathias,31665.1,794,39.88,2023-12
1,2024,Sapiranga,49430.14,1238,39.93,2024-01
1,2024,Canoas Mathias,24545.82,614,39.98,2024-01
2,2024,Campo Bom,44478.2,1120,39.71,2024-02
4,2024,Campo Bom,39746.22,983,40.43,2024-04
5,2024,Erechim,82184.05,2038,40.33,2024-05
7,2024,Zona Norte,5179.86,130,39.85,2024-07
9,2024,Erechim,86813.39,2153,40.32,2024-09
9,2024,Campo Bom,41789.88,1033,40.45,2024-09
10,2024,Sapiranga,72556.09,1826,39.73,2024-10
12,2024,Floresta,40688.48,1006,40.45,2024-12
3,2025,Floresta,61423.0,1545,39.76,2025-03
3,2025,Porto Alegre Zona Norte,10186.0,256,39.79,2025-03
4,2025,Floresta,56489.37,1404,40.23,2025-04
9,2019,Sapiranga,126219.14,3712,34.0,2019-09
9,2019,Campo Bom,89989.0,2647,34.0,2019-09
10,2019,Campo Bom,99432.2,2924,34.0,2019-10
11,2019,Novo Hamburgo,41256.74,1213,34.0,2019-11
12,2019,Novo Hamburgo,124124.47,3651,34.0,2019-12
12,2019,Sapiranga,120044.74,3531,34.0,2019-12
12,2019,Campo Bom,112115.4,3298,34.0,2019-12
2,2020,Sapiranga,128035.24,3766,34.0,2020-02
3,2020,Taquara,80907.16,2380,34.0,2020-03
4,2020,Campo Bom,80743.9,2375,34.0,2020-04
4,2020,Taquara,51500.0,1515,34.0,2020-04
5,2020,Sapiranga,89308.63,2627,34.0,2020-05
5,2020,Novo Hamburgo,78241.61,2301,34.0,2020-05
5,2020,Campo Bom,71073.6,2090,34.0,2020-05
5,2020,Taquara,55241.1,1625,34.0,2020-05
6,2020,Novo Hamburgo,71306.0,2097,34.0,2020-06
8,2020,Sapiranga,112747.91,3316,34.0,2020-08
8,2020,Taquara,85522.48,2515,34.0,2020-08
9,2020,Montenegro,83083.34,2444,34.0,2020-09
9,2020,Campo Bom,73069.97,2149,34.0,2020-09
10,2020,Novo Hamburgo,126337.62,3716,34.0,2020-10
10,2020,Campo Bom,73303.7,2156,34.0,2020-10
11,2020,Montenegro,89574.03,2635,34.0,2020-11
11,2020,Sapiranga,89030.31,2619,34.0,2020-11
11,2020,Taquara,68116.66,2003,34.0,2020-11
12,2020,Campo Bom,82911.98,2439,34.0,2020-12
1,2021,Sapiranga,84739.93,2492,34.0,2021-01
1,2021,Campo Bom,74820.76,2201,34.0,2021-01
2,2021,Novo Hamburgo,87144.53,2563,34.0,2021-02
2,2021,Montenegro,80166.19,2358,34.0,2021-02
2,2021,Caxias do Sul,76513.47,2250,34.0,2021-02
3,2021,Caxias do Sul,85503.81,2515,34.0,2021-03
3,2021,Montenegro,76841.08,2260,34.0,2021-03
3,2021,Campo Bom,45668.95,1343,34.0,2021-03
4,2021,Novo Hamburgo,82512.95,2427,34.0,2021-04
4,2021,Estância Velha,62896.7,1850,34.0,2021-04
5,2021,Novo Hamburgo,96870.49,2849,34.0,2021-05
5,2021,Caxias do Sul,76170.19,2240,34.0,2021-05
5,2021,São Leopoldo,66010.93,1941,34.0,2021-05
5,2021,Sapiranga,58601.29,1724,34.0,2021-05
5,2021,Estância Velha,55885.24,1644,34.0,2021-05
5,2021,Campo Bom,44650.24,1313,34.0,2021-05
6,2021,Montenegro,63582.49,1870,34.0,2021-06
6,2021,São Leopoldo,62740.71,1845,34.0,2021-06
6,2021,Sapiranga,56356.27,1658,34.0,2021-06
6,2021,Campo Bom,41537.05,1222,34.0,2021-06
6,2021,Parobé,36707.93,1080,34.0,2021-06
7,2021,Caxias do Sul,122228.36,3595,34.0,2021-07
7,2021,São Leopoldo,76488.2,2250,34.0,2021-07
7,2021,Montenegro,67921.59,1998,34.0,2021-07
7,2021,Sapiranga,65643.8,1931,34.0,2021-07
7,2021,Taquara,64681.96,1902,34.0,2021-07
7,2021,Campo Bom,48317.99,1421,34.0,2021-07
8,2021,Caxias do Sul,113865.7,3349,34.0,2021-08
8,2021,Novo Hamburgo,79826.82,2348,34.0,2021-08
8,2021,Campo Bom,51533.65,1516,34.0,2021-08
8,2021,Parobé,41442.26,1219,34.0,2021-08
9,2021,Montenegro,68762.53,2022,34.0,2021-09
9,2021,São Leopoldo,68066.58,2002,34.0,2021-09
9,2021,Sapiranga,60587.7,1782,34.0,2021-09
9,2021,Taquara,52138.94,1533,34.0,2021-09
9,2021,Campo Bom,48589.91,1429,34.0,2021-09
10,2021,Novo Hamburgo,97430.32,2866,34.0,2021-10
10,2021,São Leopoldo,86228.9,2536,34.0,2021-10
11,2021,Novo Hamburgo,128932.78,3792,34.0,2021-11
11,2021,São Leopoldo,115734.97,3404,34.0,2021-11
11,2021,Sapiranga,70634.98,2077,34.0,2021-11
11,2021,Estância Velha,59370.66,1746,34.0,2021-11
11,2021,Taquara,49200.68,1447,34.0,2021-11
11,2021,Nova Hartz,30229.82,889,34.0,2021-11
12,2021,Caxias do Sul,129367.05,3805,34.0,2021-12
12,2021,Novo Hamburgo,128674.31,3785,34.0,2021-12
12,2021,São Leopoldo,109954.22,3234,34.0,2021-12
12,2021,Sapiranga,89459.55,2631,34.0,2021-12
12,2021,Montenegro,81165.45,2387,34.0,2021-12
12,2021,Estância Velha,70612.25,2077,34.0,2021-12
12,2021,Taquara,53985.4,1588,34.0,2021-12
12,2021,Sapucaia do Sul (Vinicius),23860.12,702,34.0,2021-12
8,2023,Campo Bom,48549.15,1426,34.05,2023-08
9,2023,Shopping Total,64131.8,1895,33.84,2023-09
10,2023,Sapiranga,49952.92,1468,34.03,2023-10
11,2023,Shopping Total,75637.84,2208,34.26,2023-11
11,2023,Campo Bom,38917.01,1130,34.44,2023-11
12,2023,Shopping Total,70758.83,2066,34.25,2023-12
11,2024,Porto Alegre Zona Norte,5888.0,173,34.03,2024-11
12,2024,Vila Mariana,946.95,28,33.82,2024-12
8,2019,Sapiranga,142772.54,4079,35.0,2019-08
10,2019,Sapiranga,115841.66,3310,35.0,2019-10
11,2019,Sapiranga,115157.85,3290,35.0,2019-11
3,2020,Sapiranga,127734.57,3650,35.0,2020-03
3,2020,Campo Bom,107065.0,3059,35.0,2020-03
3,2020,Novo Hamburgo,57214.54,1635,35.0,2020-03
4,2020,Sapiranga,88876.1,2539,35.0,2020-04
4,2020,Novo Hamburgo,8185.09,234,35.0,2020-04
6,2020,Sapiranga,94462.46,2699,35.0,2020-06
6,2020,Campo Bom,71073.6,2031,35.0,2020-06
6,2020,Taquara,54698.24,1563,35.0,2020-06
7,2020,Sapiranga,121005.43,3457,35.0,2020-07
7,2020,Novo Hamburgo,98495.06,2814,35.0,2020-07
7,2020,Taquara,78443.9,2241,35.0,2020-07
7,2020,Campo Bom,63444.13,1813,35.0,2020-07
8,2020,Novo Hamburgo,117013.71,3343,35.0,2020-08
8,2020,Campo Bom,81349.83,2324,35.0,2020-08
9,2020,Novo Hamburgo,126172.13,3605,35.0,2020-09
9,2020,Sapiranga,108969.09,3113,35.0,2020-09
9,2020,Taquara,76933.95,2198,35.0,2020-09
10,2020,Sapiranga,97860.92,2796,35.0,2020-10
10,2020,Montenegro,91010.93,2600,35.0,2020-10
10,2020,Taquara,64971.7,1856,35.0,2020-10
11,2020,Novo Hamburgo,115220.85,3292,35.0,2020-11
11,2020,Campo Bom,65783.34,1880,35.0,2020-11
12,2020,Novo Hamburgo,125264.46,3579,35.0,2020-12
12,2020,Montenegro,110912.25,3169,35.0,2020-12
12,2020,Sapiranga,96301.48,2751,35.0,2020-12
12,2020,Taquara,83102.13,2374,35.0,2020-12
1,2021,Novo Hamburgo,121668.76,3476,35.0,2021-01
1,2021,Montenegro,103530.47,2958,35.0,2021-01
1,2021,Taquara,75854.0,2167,35.0,2021-01
1,2021,Caxias do Sul,55712.62,1592,35.0,2021-01
2,2021,Taquara,60524.75,1729,35.0,2021-02
2,2021,Sapiranga,56336.05,1610,35.0,2021-02
2,2021,Campo Bom,50545.59,1444,35.0,2021-02
3,2021,Novo Hamburgo,100453.2,2870,35.0,2021-03
3,2021,Estância Velha,60834.49,1738,35.0,2021-03
3,2021,Taquara,57260.6,1636,35.0,2021-03
3,2021,Sapiranga,53401.1,1526,35.0,2021-03
4,2021,Caxias do Sul,80413.13,2298,35.0,2021-04
4,2021,Montenegro,76649.17,2190,35.0,2021-04
4,2021,Sapiranga,50044.07,1430,35.0,2021-04
4,2021,Taquara,48176.58,1376,35.0,2021-04
4,2021,Campo Bom,38543.65,1101,35.0,2021-04
4,2021,São Leopoldo,35792.76,1023,35.0,2021-04
5,2021,Montenegro,70634.88,2018,35.0,2021-05
5,2021,Taquara,47152.73,1347,35.0,2021-05
5,2021,Parobé,43594.45,1246,35.0,2021-05
6,2021,Caxias do Sul,106367.28,3039,35.0,2021-06
6,2021,Novo Hamburgo,95885.6,2740,35.0,2021-06
6,2021,Estância Velha,54633.36,1561,35.0,2021-06
6,2021,Taquara,48281.96,1379,35.0,2021-06
7,2021,Novo Hamburgo,102538.92,2930,35.0,2021-07
7,2021,Estância Velha,61813.26,1766,35.0,2021-07
7,2021,Parobé,50531.31,1444,35.0,2021-07
8,2021,São Leopoldo,75557.68,2159,35.0,2021-08
8,2021,Montenegro,71824.14,2052,35.0,2021-08
8,2021,Estância Velha,66495.99,1900,35.0,2021-08
8,2021,Sapiranga,58241.67,1664,35.0,2021-08
8,2021,Taquara,52457.07,1499,35.0,2021-08
9,2021,Caxias do Sul,116732.15,3335,35.0,2021-09
9,2021,Novo Hamburgo,84039.94,2401,35.0,2021-09
9,2021,Estância Velha,55907.89,1597,35.0,2021-09
9,2021,Parobé,37249.98,1064,35.0,2021-09
10,2021,Caxias do Sul,125607.1,3589,35.0,2021-10
10,2021,Montenegro,76242.56,2178,35.0,2021-10
10,2021,Sapiranga,61765.38,1765,35.0,2021-10
10,2021,Estância Velha,61110.82,1746,35.0,2021-10
10,2021,Campo Bom,56334.86,1610,35.0,2021-10
10,2021,Taquara,55475.49,1585,35.0,2021-10
10,2021,Nova Hartz,54020.31,1543,35.0,2021-10
10,2021,Parobé,38801.0,1109,35.0,2021-10
11,2021,Caxias do Sul,112935.1,3227,35.0,2021-11
11,2021,Montenegro,75866.31,2168,35.0,2021-11
11,2021,Campo Bom,59256.74,1693,35.0,2021-11
11,2021,Parobé,40369.96,1153,35.0,2021-11
12,2021,Campo Bom,76737.74,2193,35.0,2021-12
12,2021,Parobé,44442.81,1270,35.0,2021-12
12,2021,Nova Hartz,27450.25,784,35.0,2021-12
9,2023,Campo Bom,53519.5,1535,34.87,2023-09
9,2024,Vila Mariana,14469.71,408,35.46,2024-09
10,2024,Vila Mariana,12812.21,363,35.3,2024-10
11,2024,Vila Mariana,9373.41,271,34.59,2024-11
11,2019,Campo Bom,96558.8,2682,36.0,2019-11
1,2020,Campo Bom,108411.9,2853,38.0,2020-01
2,2020,Campo Bom,109765.05,2889,38.0,2020-02
6,2023,Estância Velha,37345.03,258,144.75,2023-06
7,2023,Shopping Total,77424.34,1454,53.25,2023-07
7,2023,Estância Velha,35667.05,729,48.93,2023-07
8,2023,Shopping Total,63398.44,1949,32.53,2023-08
8,2023,Estância Velha,36320.73,709,51.23,2023-08
8,2023,Canoas Mathias,23597.15,616,38.31,2023-08
9,2023,Estância Velha,31673.07,599,52.88,2023-09
10,2023,Shopping Total,67732.27,2065,32.8,2023-10
10,2023,Campo Bom,49065.7,1312,37.4,2023-10
10,2023,Canoas Mathias,31515.35,853,36.95,2023-10
10,2023,Estância Velha,29393.68,523,56.2,2023-10
11,2023,Canoas Mathias,32376.32,892,36.3,2023-11
11,2023,Estância Velha,27534.78,502,54.85,2023-11
12,2023,Estância Velha,30766.13,573,53.69,2023-12
1,2024,Shopping Total,64336.66,3790,16.98,2024-01
1,2024,Campo Bom,46038.12,1209,38.08,2024-01
1,2024,Estância Velha,28495.57,546,52.19,2024-01
2,2024,Estância Velha,27780.44,1643,16.91,2024-02
2,2024,Canoas Mathias,25615.22,629,40.72,2024-02
3,2024,Campo Bom,44037.47,1004,43.86,2024-03
3,2024,Canoas Mathias,30717.53,720,42.66,2024-03
3,2024,Estância Velha,29860.34,589,50.7,2024-03
4,2024,Canoas Mathias,29395.57,666,44.14,2024-04
4,2024,Estância Velha,26239.64,518,50.66,2024-04
5,2024,Campo Bom,48029.05,1107,43.39,2024-05
5,2024,Estância Velha,22452.5,369,60.85,2024-05
5,2024,Canoas Mathias,2991.05,68,43.99,2024-05
6,2024,Campo Bom,49242.99,1118,44.05,2024-06
6,2024,Estância Velha,15281.83,256,59.69,2024-06
7,2024,Campo Bom,43562.42,1072,40.64,2024-07
7,2024,Vila Mariana,7986.61,205,38.96,2024-07
8,2024,Campo Bom,46952.66,1149,40.86,2024-08
8,2024,Vila Mariana,15800.2,516,30.62,2024-08
10,2024,Campo Bom,28810.57,680,42.37,2024-10
1,2020,Sapiranga,127060.67,3344,38.0,2020-01
1,2020,Novo Hamburgo,89000.4,2342,38.0,2020-01
2,2020,Novo Hamburgo,85490.36,2250,38.0,2020-02
5,2023,Montenegro,70944.42,444,159.78,2023-05
6,2023,Montenegro,65804.52,1342,49.03,2023-06
6,2023,Canoas,45835.29,436,105.13,2023-06
6,2023,Zona Norte,608.49,16,38.03,2023-06
7,2023,Barra Shopping,114585.33,2678,42.79,2023-07
7,2023,Novo Hamburgo,110336.19,1398,78.92,2023-07
7,2023,São Leopoldo,94551.1,1258,75.16,2023-07
7,2023,Montenegro,73669.81,1475,49.95,2023-07
7,2023,Sapiranga,55605.78,685,81.18,2023-07
7,2023,Canoas,46610.68,1140,40.89,2023-07
7,2023,Zona Norte,8096.47,215,37.66,2023-07
8,2023,Caxias do Sul,124636.95,2034,61.28,2023-08
8,2023,Novo Hamburgo,112562.21,2298,48.98,2023-08
8,2023,Barra Shopping,90829.42,3108,29.22,2023-08
8,2023,São Leopoldo,83582.26,1763,47.41,2023-08
8,2023,Montenegro,64729.04,1367,47.35,2023-08
8,2023,Canoas,48631.22,1269,38.32,2023-08
8,2023,Bento Gonçalves,48074.8,669,71.86,2023-08
8,2023,Sapiranga,44810.23,1239,36.17,2023-08
8,2023,Gravataí,15552.29,335,46.42,2023-08
8,2023,Zona Norte,8596.64,196,43.86,2023-08
9,2023,Caxias do Sul,139221.51,2736,50.89,2023-09
9,2023,Novo Hamburgo,110366.61,2171,50.84,2023-09
9,2023,Barra Shopping,99475.46,3345,29.74,2023-09
9,2023,São Leopoldo,81491.4,1693,48.13,2023-09
9,2023,Montenegro,65679.95,1342,48.94,2023-09
9,2023,Sapiranga,54991.94,1529,35.97,2023-09
9,2023,Canoas,54944.45,1445,38.02,2023-09
9,2023,Bento Gonçalves,51416.87,1084,47.43,2023-09
9,2023,Gravataí,21606.87,419,51.57,2023-09
9,2023,Zona Norte,4223.71,89,47.46,2023-09
10,2023,Caxias do Sul,122690.3,2451,50.06,2023-10
10,2023,Barra Shopping,114033.42,3795,30.05,2023-10
10,2023,Novo Hamburgo,95946.27,1955,49.08,2023-10
10,2023,São Leopoldo,77013.91,1666,46.23,2023-10
10,2023,Montenegro,68491.63,1432,47.83,2023-10
10,2023,Canoas,51139.92,1364,37.49,2023-10
10,2023,Bento Gonçalves,50399.27,1050,48.0,2023-10
10,2023,Gravataí,21609.45,447,48.34,2023-10
10,2023,Lajeado,15705.14,326,48.18,2023-10
10,2023,Zona Norte,5836.88,118,49.47,2023-10
11,2023,Caxias do Sul,135853.22,2611,52.03,2023-11
11,2023,Barra Shopping,133914.34,4301,31.14,2023-11
11,2023,Novo Hamburgo,107238.45,2139,50.13,2023-11
11,2023,São Leopoldo,84079.28,1768,47.56,2023-11
11,2023,Lajeado,78457.26,1565,50.13,2023-11
11,2023,Bento Gonçalves,66524.61,1330,50.02,2023-11
11,2023,Montenegro,62276.82,1267,49.15,2023-11
11,2023,Canoas,53223.4,1459,36.48,2023-11
11,2023,Sapiranga,49651.62,1393,35.64,2023-11
11,2023,Gravataí,23741.8,508,46.74,2023-11
11,2023,Zona Norte,5873.75,137,42.87,2023-11
12,2023,Barra Shopping,166546.26,5379,30.96,2023-12
12,2023,Caxias do Sul,151384.68,2815,53.78,2023-12
12,2023,Novo Hamburgo,107718.37,2150,50.1,2023-12
12,2023,São Leopoldo,88884.29,1774,50.1,2023-12
12,2023,Montenegro,75822.47,1454,52.15,2023-12
12,2023,Lajeado,74607.39,1502,49.67,2023-12
12,2023,Sapiranga,55652.88,1478,37.65,2023-12
12,2023,Bento Gonçalves,55274.92,1062,52.05,2023-12
12,2023,Canoas,49474.99,1286,38.47,2023-12
12,2023,Gravataí,36071.53,814,44.31,2023-12
12,2023,Zona Norte,6460.09,134,48.21,2023-12
1,2024,Caxias do Sul,130916.46,2382,54.96,2024-01
1,2024,Barra Shopping,111287.82,3790,29.36,2024-01
1,2024,Novo Hamburgo,98238.38,2047,47.99,2024-01
1,2024,São Leopoldo,80734.3,1608,50.21,2024-01
1,2024,Erechim,76932.77,1738,44.27,2024-01
1,2024,Lajeado,62465.62,1217,51.33,2024-01
1,2024,Montenegro,61370.75,1238,49.57,2024-01
1,2024,Bento Gonçalves,50082.27,971,51.58,2024-01
1,2024,Canoas,41690.23,988,42.2,2024-01
1,2024,Gravataí,39179.55,883,44.37,2024-01
1,2024,Zona Norte,6870.47,165,41.64,2024-01
2,2024,Caxias do Sul,122303.16,2357,51.89,2024-02
2,2024,Novo Hamburgo,97897.72,1961,49.92,2024-02
2,2024,Barra Shopping,97247.44,3139,30.98,2024-02
2,2024,São Leopoldo,93863.35,1933,48.56,2024-02
2,2024,Erechim,85055.03,2035,41.8,2024-02
2,2024,Floresta,70084.49,1643,42.66,2024-02
2,2024,Montenegro,67994.34,1315,51.71,2024-02
2,2024,Lajeado,50775.84,1011,50.22,2024-02
2,2024,Sapiranga,49982.44,1276,39.17,2024-02
2,2024,Bento Gonçalves,43437.99,872,49.81,2024-02
2,2024,Gravataí,39577.53,953,41.53,2024-02
2,2024,Canoas,35894.77,829,43.3,2024-02
2,2024,Zona Norte,4439.5,84,52.85,2024-02
3,2024,Caxias do Sul,131901.42,2510,52.55,2024-03
3,2024,Novo Hamburgo,105723.57,2132,49.59,2024-03
3,2024,São Leopoldo,103647.37,2056,50.41,2024-03
3,2024,Barra Shopping,92633.96,3054,30.33,2024-03
3,2024,Erechim,84977.64,1994,42.62,2024-03
3,2024,Montenegro,71080.12,1385,51.32,2024-03
3,2024,Floresta,68845.12,1630,42.24,2024-03
3,2024,Sapiranga,53791.95,1381,38.95,2024-03
3,2024,Lajeado,50756.71,1065,47.66,2024-03
3,2024,Bento Gonçalves,49135.17,1004,48.94,2024-03
3,2024,Protásio Alves,46175.28,1187,38.9,2024-03
3,2024,Canoas,38987.21,787,49.54,2024-03
3,2024,Gravataí,38834.88,823,47.19,2024-03
3,2024,Zona Norte,5024.02,91,55.21,2024-03
4,2024,Caxias do Sul,135423.32,2469,54.85,2024-04
4,2024,Novo Hamburgo,105653.58,2167,48.76,2024-04
4,2024,São Leopoldo,99805.12,2030,49.17,2024-04
4,2024,Barra Shopping,83207.62,2689,30.94,2024-04
4,2024,Erechim,77069.92,2028,38.0,2024-04
4,2024,Montenegro,76189.5,1533,49.7,2024-04
4,2024,Protásio Alves,67765.41,1749,38.75,2024-04
4,2024,Floresta,56965.43,1450,39.29,2024-04
4,2024,Sapiranga,52642.68,1406,37.44,2024-04
4,2024,Esteio,52415.87,1089,48.13,2024-04
4,2024,Bento Gonçalves,50641.44,1038,48.79,2024-04
4,2024,Lajeado,46826.66,1042,44.94,2024-04
4,2024,Gravataí,37520.14,831,45.15,2024-04
4,2024,Canoas,35754.96,785,45.55,2024-04
4,2024,Zona Norte,6791.51,125,54.33,2024-04
5,2024,Caxias do Sul,141678.08,2417,58.62,2024-05
5,2024,Esteio,133434.48,2601,51.3,2024-05
5,2024,Novo Hamburgo,127226.59,2414,52.7,2024-05
5,2024,Protásio Alves,101886.36,2162,47.13,2024-05
5,2024,São Leopoldo,87981.38,1522,57.81,2024-05
5,2024,Sapiranga,66713.12,1538,43.38,2024-05
5,2024,Barra Shopping,57776.07,1929,29.95,2024-05
5,2024,Gravataí,55371.16,1045,52.99,2024-05
5,2024,Lajeado,49855.99,998,49.96,2024-05
5,2024,Bento Gonçalves,49377.77,907,54.44,2024-05
5,2024,Montenegro,48969.65,851,57.54,2024-05
5,2024,Floresta,28198.56,574,49.13,2024-05
5,2024,Canoas,25318.02,472,53.64,2024-05
5,2024,Zona Norte,10180.14,193,52.75,2024-05
6,2024,Caxias do Sul,151206.45,2542,59.48,2024-06
6,2024,Novo Hamburgo,129569.54,2474,52.37,2024-06
6,2024,São Leopoldo,126959.93,2237,56.75,2024-06
6,2024,Esteio,120763.77,2487,48.56,2024-06
6,2024,Barra Shopping,95286.68,3165,30.11,2024-06
6,2024,Erechim,83400.12,2059,40.51,2024-06
6,2024,Protásio Alves,81970.38,1921,42.67,2024-06
6,2024,Montenegro,80544.67,1506,53.48,2024-06
6,2024,Canoas,74125.88,1273,58.23,2024-06
6,2024,Lajeado,65799.34,1333,49.36,2024-06
6,2024,Sapiranga,61943.97,1426,43.44,2024-06
6,2024,Floresta,59044.9,1309,45.11,2024-06
6,2024,Gravataí,48048.68,954,50.37,2024-06
6,2024,Bento Gonçalves,45262.44,846,53.5,2024-06
6,2024,Zona Norte,5165.04,145,35.62,2024-06
7,2024,Caxias do Sul,161427.36,2714,59.48,2024-07
7,2024,Novo Hamburgo,124444.11,2551,48.78,2024-07
7,2024,Esteio,114141.93,2357,48.43,2024-07
7,2024,São Leopoldo,108337.81,1905,56.87,2024-07
7,2024,Barra Shopping,92663.15,3124,29.66,2024-07
7,2024,Protásio Alves,77444.15,1744,44.41,2024-07
7,2024,Montenegro,77268.7,1449,53.33,2024-07
7,2024,Erechim,76299.95,1835,41.58,2024-07
7,2024,Canoas,70092.97,1286,54.5,2024-07
7,2024,Sapiranga,64509.84,1403,45.98,2024-07
7,2024,Lajeado,61190.87,1233,49.63,2024-07
7,2024,Floresta,48956.25,1132,43.25,2024-07
7,2024,Gravataí,42791.32,866,49.41,2024-07
7,2024,Bento Gonçalves,40737.98,749,54.39,2024-07
8,2024,Caxias do Sul,140785.42,2417,58.25,2024-08
8,2024,Novo Hamburgo,128775.61,2609,49.36,2024-08
8,2024,Canoas,111011.97,2108,52.66,2024-08
8,2024,Esteio,107613.59,2239,48.06,2024-08
8,2024,São Leopoldo,102219.21,1854,55.13,2024-08
8,2024,Erechim,91070.88,2153,42.3,2024-08
8,2024,Barra Shopping,79503.36,2669,29.79,2024-08
8,2024,Sapiranga,76528.11,1799,42.54,2024-08
8,2024,Montenegro,74545.34,1421,52.46,2024-08
8,2024,Protásio Alves,74255.98,1728,42.97,2024-08
8,2024,Lajeado,47945.86,998,48.04,2024-08
8,2024,Floresta,47647.18,1151,41.4,2024-08
8,2024,Bento Gonçalves,42220.78,799,52.84,2024-08
8,2024,Gravataí,41265.69,850,48.55,2024-08
8,2024,Zona Norte,5052.35,131,38.57,2024-08
9,2024,Caxias do Sul,141996.81,2502,56.75,2024-09
9,2024,Novo Hamburgo,107210.77,2301,46.59,2024-09
9,2024,Esteio,105540.66,2255,46.8,2024-09
9,2024,Canoas,95268.57,1780,53.52,2024-09
9,2024,São Leopoldo,92945.77,1763,52.72,2024-09
9,2024,Barra Shopping,77426.87,2620,29.55,2024-09
9,2024,Sapiranga,71939.29,1745,41.23,2024-09
9,2024,Montenegro,71189.06,1426,49.92,2024-09
9,2024,Protásio Alves,60922.7,1405,43.36,2024-09
9,2024,Lajeado,49130.61,1095,44.87,2024-09
9,2024,Gravataí,44314.3,1007,44.01,2024-09
9,2024,Bento Gonçalves,38636.81,729,53.0,2024-09
9,2024,Floresta,37358.14,974,38.36,2024-09
9,2024,Zona Norte,5196.97,136,38.21,2024-09
10,2024,Caxias do Sul,142674.81,2565,55.62,2024-10
10,2024,Novo Hamburgo,108829.32,2345,46.41,2024-10
10,2024,Esteio,107012.63,2331,45.91,2024-10
10,2024,São Leopoldo,97405.54,1961,49.67,2024-10
10,2024,Erechim,96549.47,2379,40.58,2024-10
10,2024,Canoas,90896.16,1716,52.97,2024-10
10,2024,Barra Shopping,88359.7,2863,30.86,2024-10
10,2024,Montenegro,77197.76,1622,47.59,2024-10
10,2024,Protásio Alves,65273.52,1483,44.01,2024-10
10,2024,Gravataí,55357.33,1226,45.15,2024-10
10,2024,Lajeado,52914.67,1143,46.29,2024-10
10,2024,Bento Gonçalves,43387.18,826,52.53,2024-10
10,2024,Floresta,39144.54,1012,38.68,2024-10
10,2024,Zona Norte,5209.72,166,31.38,2024-10
11,2024,Caxias do Sul,140032.72,2447,57.23,2024-11
11,2024,Esteio,114211.14,2419,47.21,2024-11
11,2024,São Leopoldo,103129.69,2067,49.89,2024-11
11,2024,Novo Hamburgo,102653.05,1879,54.63,2024-11
11,2024,Barra Shopping,100780.77,3236,31.14,2024-11
11,2024,Canoas,90609.35,1694,53.49,2024-11
11,2024,Erechim,90221.21,2166,41.65,2024-11
11,2024,Montenegro,85892.07,1823,47.12,2024-11
11,2024,Sapiranga,69224.49,1513,45.75,2024-11
11,2024,Protásio Alves,65867.97,1468,44.87,2024-11
11,2024,Gravataí,57332.13,1278,44.86,2024-11
11,2024,Capão da Canoa,56077.36,1248,44.93,2024-11
11,2024,Lajeado,55496.73,1169,47.47,2024-11
11,2024,Bento Gonçalves,46826.86,866,54.07,2024-11
11,2024,Floresta,33171.46,846,39.21,2024-11
12,2024,Caxias do Sul,150270.33,2582,58.2,2024-12
12,2024,Barra Shopping,131492.62,4056,32.42,2024-12
12,2024,Novo Hamburgo,105258.11,2007,52.45,2024-12
12,2024,São Leopoldo,104515.8,2029,51.51,2024-12
12,2024,Esteio,102495.07,2285,44.86,2024-12
12,2024,Montenegro,99601.78,2124,46.89,2024-12
12,2024,Erechim,93095.12,2103,44.27,2024-12
12,2024,Sapiranga,86526.51,1915,45.18,2024-12
12,2024,Canoas,85316.04,1575,54.17,2024-12
12,2024,Capão da Canoa,68869.44,1612,42.72,2024-12
12,2024,Protásio Alves,64357.02,1460,44.08,2024-12
12,2024,Gravataí,63225.89,1430,44.21,2024-12
12,2024,Lajeado,61493.46,1296,47.45,2024-12
12,2024,Bento Gonçalves,46900.84,879,53.36,2024-12
12,2024,Porto Alegre Zona Norte,9503.37,255,37.27,2024-12
1,2025,Caxias do Sul,127978.76,2247,56.96,2025-01
1,2025,Capão da Canoa,99116.5,2099,47.22,2025-01
1,2025,Novo Hamburgo,93751.71,1822,51.46,2025-01
1,2025,São Leopoldo,91235.01,1873,48.71,2025-01
1,2025,Barra Shopping,90771.49,2991,30.35,2025-01
1,2025,Montenegro,89321.75,1857,48.1,2025-01
1,2025,Esteio,87167.15,1991,43.78,2025-01
1,2025,Canoas,78297.41,1472,53.19,2025-01
1,2025,Sapiranga,77219.21,1630,47.37,2025-01
1,2025,Erechim,70360.63,1640,42.9,2025-01
1,2025,Gravataí,59346.07,1321,44.93,2025-01
1,2025,Protásio Alves,54874.94,1186,46.27,2025-01
1,2025,Lajeado,53103.51,1166,45.54,2025-01
1,2025,Bento Gonçalves,45230.74,928,48.74,2025-01
1,2025,Floresta,31258.45,761,41.08,2025-01
1,2025,Porto Alegre Zona Norte,12467.5,323,38.6,2025-01
2,2025,Caxias do Sul,133607.09,2484,53.79,2025-02
2,2025,São Leopoldo,88246.18,1737,50.8,2025-02
2,2025,Montenegro,87375.84,1799,48.57,2025-02
2,2025,Novo Hamburgo,86234.26,1651,52.23,2025-02
2,2025,Esteio,84749.04,1973,42.95,2025-02
2,2025,Erechim,84729.98,1998,42.41,2025-02
2,2025,Barra Shopping,79973.7,2599,30.77,2025-02
2,2025,Sapiranga,75661.57,1688,44.82,2025-02
2,2025,Canoas,75361.19,1333,56.54,2025-02
2,2025,Capão da Canoa,72624.66,1478,49.14,2025-02
2,2025,Protásio Alves,62799.38,1393,45.08,2025-02
2,2025,Gravataí,53164.95,1154,46.07,2025-02
2,2025,Lajeado,52071.35,1164,44.73,2025-02
2,2025,Bento Gonçalves,50724.83,1049,48.36,2025-02
2,2025,Floresta,48317.12,1178,41.02,2025-02
2,2025,Porto Alegre Zona Norte,8781.87,226,38.86,2025-02
3,2025,Caxias do Sul,155399.0,2905,53.49,2025-03
3,2025,Esteio,110394.0,2504,44.09,2025-03
3,2025,Novo Hamburgo,101018.0,1890,53.45,2025-03
3,2025,São Leopoldo,98828.0,1922,51.42,2025-03
3,2025,Montenegro,97872.0,2100,46.61,2025-03
3,2025,Canoas,95864.0,1706,56.19,2025-03
3,2025,Barra Shopping,92567.0,3037,30.48,2025-03
3,2025,Erechim,89672.0,2154,41.63,2025-03
3,2025,Protásio Alves,86428.0,1854,46.62,2025-03
3,2025,Sapiranga,86119.0,2058,41.85,2025-03
3,2025,Capão da Canoa,75427.0,1769,42.64,2025-03
3,2025,Gravataí,60026.0,1288,46.6,2025-03
3,2025,Bento Gonçalves,57857.0,1119,51.7,2025-03
3,2025,Lajeado,57217.0,1294,44.22,2025-03
4,2025,Caxias do Sul,142137.88,2505,56.74,2025-04
4,2025,Esteio,99506.82,2105,47.27,2025-04
4,2025,Novo Hamburgo,98690.79,1778,55.51,2025-04
4,2025,São Leopoldo,92933.28,1806,51.46,2025-04
4,2025,Barra Shopping,91550.13,2807,32.61,2025-04
4,2025,Protásio Alves,86688.06,1929,44.94,2025-04
4,2025,Montenegro,86650.58,1685,51.42,2025-04
4,2025,Canoas,76154.0,1455,52.34,2025-04
4,2025,Erechim,75014.2,1718,43.66,2025-04
4,2025,Sapiranga,73756.62,1636,45.08,2025-04
4,2025,Ijuí,72411.97,1394,51.95,2025-04
4,2025,Lajeado,53282.86,1111,47.96,2025-04
4,2025,Bento Gonçalves,50394.92,1014,49.7,2025-04
4,2025,Gravataí,47434.2,954,49.72,2025-04
4,2025,Capão da Canoa,45931.72,1000,45.93,2025-04
4,2025,Porto Alegre Zona Norte,6793.61,154,44.11,2025-04
5,2025,Montenegro,94364.55,1930,48.89,2025-05
5,2025,Canoas,86708.46,1679,51.64,2025-05
5,2025,Porto Alegre Zona Norte,9487.58,206,46.06,2025-05
5,2025,São Leopoldo,97252.02,1858,52.34,2025-05
5,2025,Novo Hamburgo,105388.86,2012,52.38,2025-05
5,2025,Barra Shopping,90232.32,2781,32.45,2025-05
5,2025,Floresta,58451.14,1352,43.23,2025-05
5,2025,Sapiranga,86357.48,1887,45.76,2025-05
5,2025,Gravataí,51597.09,1065,48.45,2025-05
5,2025,Caxias do Sul,162730.31,2955,55.07,2025-05
5,2025,Bento Gonçalves,60377.65,1192,50.65,2025-05
5,2025,Lajeado,46662.75,937,49.8,2025-05
5,2025,Erechim,78169.32,1778,43.96,2025-05
5,2025,Protásio Alves,98469.56,2112,46.62,2025-05
5,2025,Esteio,99546.11,2145,46.41,2025-05
5,2025,Capão da Canoa,52971.27,1158,45.74,2025-05
5,2025,Ijuí,145404.04,2830,51.38,2025-05
6,2025,Montenegro,87082.52,1671,52.11,2025-06
6,2025,Canoas,94742.73,1908,49.66,2025-06
6,2025,Porto Alegre Zona Norte,10708.26,226,47.38,2025-06
6,2025,São Leopoldo,98705.95,1870,52.78,2025-06
6,2025,Novo Hamburgo,100887.64,1862,54.18,2025-06
6,2025,Barra Shopping,78704.47,2436,32.31,2025-06
6,2025,Porto Alegre Floresta,61375.81,1412,43.47,2025-06
6,2025,Sapiranga,90023.99,1887,47.71,2025-06
6,2025,Gravataí,52623.54,1079,48.77,2025-06
6,2025,Caxias do Sul,171560.83,3166,54.19,2025-06
6,2025,Bento Gonçalves,63012.98,1211,52.03,2025-06
6,2025,Lajeado,49109.65,971,50.58,2025-06
6,2025,Erechim,63328.41,1396,45.36,2025-06
6,2025,Protásio Alves,98645.72,2073,47.59,2025-06
6,2025,Esteio,93758.11,2031,46.16,2025-06
6,2025,Capão da Canoa,46436.04,1026,45.26,2025-06
6,2025,Ijuí,94006.48,1721,54.62,2025-06
7,2025,Montenegro,85435.0,1690,50.55,2025-07
7,2025,Canoas,87936.0,1762,49.91,2025-07
7,2025,Porto Alegre Zona Norte,9833.0,214,45.95,2025-07
7,2025,São Leopoldo,89454.0,1738,51.47,2025-07
7,2025,Novo Hamburgo,103905.0,1940,53.56,2025-07
7,2025,Barra Shopping,92303.0,2807,32.88,2025-07
7,2025,Porto Alegre Floresta,62066.0,1390,44.65,2025-07
7,2025,Sapiranga,83595.0,1786,46.81,2025-07
7,2025,Gravataí,46073.0,930,49.54,2025-07
7,2025,Caxias do Sul,150157.0,2532,59.3,2025-07
7,2025,Bento Gonçalves,68375.0,1279,53.46,2025-07
7,2025,Lajeado,46170.0,921,50.13,2025-07
7,2025,Erechim,58233.0,1334,43.65,2025-07
7,2025,Protásio Alves,93246.0,2025,46.05,2025-07
7,2025,Esteio,92955.0,1954,47.57,2025-07
7,2025,Capão da Canoa,43761.0,953,45.92,2025-07
7,2025,Ijuí,84184.0,1505,55.94,2025-07
